--
-- PostgreSQL database dump
--

\restrict NumwrePIw62nEgGuLyPuYODqfGhuBDZJhXZUdQbhSS4GwXgcO2o5kaedyrD46Pw

-- Dumped from database version 13.23
-- Dumped by pg_dump version 13.23

SET statement_timeout = 0;
SET lock_timeout = 0;
SET idle_in_transaction_session_timeout = 0;
SET client_encoding = 'UTF8';
SET standard_conforming_strings = on;
SELECT pg_catalog.set_config('search_path', '', false);
SET check_function_bodies = false;
SET xmloption = content;
SET client_min_messages = warning;
SET row_security = off;

--
-- Data for Name: chambres; Type: TABLE DATA; Schema: public; Owner: -
--

INSERT INTO public.chambres (id, nom, "capaciteMax", "stockActuel", description, active, "temperatureCible", "createdAt", "updatedAt") VALUES (8, 'Chambre 8', 13500, 13017, '4 -ème ranger (Droite)', true, 0.0, '2026-03-30 13:39:37.596657', '2026-04-01 19:51:14.355035');
INSERT INTO public.chambres (id, nom, "capaciteMax", "stockActuel", description, active, "temperatureCible", "createdAt", "updatedAt") VALUES (5, 'Chambre 5', 13500, 13348, '3 -ème ranger (Droite)', true, 0.0, '2026-03-29 20:48:32.772596', '2026-04-01 19:51:47.995233');
INSERT INTO public.chambres (id, nom, "capaciteMax", "stockActuel", description, active, "temperatureCible", "createdAt", "updatedAt") VALUES (4, 'Chambre 4', 13500, 12522, '2 -ème ranger (gauche)', true, 0.0, '2026-03-29 20:47:36.023288', '2026-04-01 19:52:21.317044');
INSERT INTO public.chambres (id, nom, "capaciteMax", "stockActuel", description, active, "temperatureCible", "createdAt", "updatedAt") VALUES (3, 'Chambre 3', 13500, 11917, '2 -ème ranger droite', true, 0.0, '2026-03-29 20:46:17.761033', '2026-04-01 19:52:43.299694');
INSERT INTO public.chambres (id, nom, "capaciteMax", "stockActuel", description, active, "temperatureCible", "createdAt", "updatedAt") VALUES (2, 'Chambre 2', 13500, 9121, '1 ère chambre ( gauche)', true, 0.0, '2026-03-29 20:44:52.653756', '2026-04-09 15:00:38.376442');
INSERT INTO public.chambres (id, nom, "capaciteMax", "stockActuel", description, active, "temperatureCible", "createdAt", "updatedAt") VALUES (7, 'Chambre 7', 13500, 0, '4 -ème ranger (Gauche)', true, 0.0, '2026-03-30 13:38:45.854455', '2026-04-10 13:36:38.716757');
INSERT INTO public.chambres (id, nom, "capaciteMax", "stockActuel", description, active, "temperatureCible", "createdAt", "updatedAt") VALUES (1, 'chambre 1', 13500, 4486, 'a gauche de l''entrée', true, 0.0, '2026-03-29 15:20:24.361267', '2026-04-11 14:38:37.386054');
INSERT INTO public.chambres (id, nom, "capaciteMax", "stockActuel", description, active, "temperatureCible", "createdAt", "updatedAt") VALUES (6, 'Chambre 6', 13500, 10124, '3 -ème ranger (gauche)', true, 0.0, '2026-03-29 20:48:57.906344', '2026-04-01 19:47:47.191589');


--
-- Data for Name: clients; Type: TABLE DATA; Schema: public; Owner: -
--

INSERT INTO public.clients (id, nom, telephone, adresse, email, actif, "createdAt", "updatedAt") VALUES (1, 'Mahouch Mhamed', NULL, NULL, NULL, true, '2026-03-29 15:42:22.861959', '2026-03-29 15:42:22.861959');
INSERT INTO public.clients (id, nom, telephone, adresse, email, actif, "createdAt", "updatedAt") VALUES (2, 'Hmaad Errich', NULL, NULL, NULL, true, '2026-03-29 15:42:22.873026', '2026-03-29 15:42:22.873026');
INSERT INTO public.clients (id, nom, telephone, adresse, email, actif, "createdAt", "updatedAt") VALUES (3, 'Abou Ali mhamed', NULL, NULL, NULL, true, '2026-03-29 15:42:22.879535', '2026-03-29 15:42:22.879535');
INSERT INTO public.clients (id, nom, telephone, adresse, email, actif, "createdAt", "updatedAt") VALUES (4, 'Abdel Ali Essaouira', NULL, NULL, NULL, true, '2026-03-29 15:42:22.884928', '2026-03-29 15:42:22.884928');
INSERT INTO public.clients (id, nom, telephone, adresse, email, actif, "createdAt", "updatedAt") VALUES (5, 'Bouchetta Mourad', NULL, NULL, NULL, true, '2026-03-29 15:42:22.892779', '2026-03-29 15:42:22.892779');
INSERT INTO public.clients (id, nom, telephone, adresse, email, actif, "createdAt", "updatedAt") VALUES (6, 'Aziz Mohamed Mnaour', NULL, NULL, NULL, true, '2026-03-29 15:42:22.899226', '2026-03-29 15:42:22.899226');
INSERT INTO public.clients (id, nom, telephone, adresse, email, actif, "createdAt", "updatedAt") VALUES (7, 'Moahed Al Kelaa', NULL, NULL, NULL, true, '2026-03-29 15:42:22.908562', '2026-03-29 15:42:22.908562');
INSERT INTO public.clients (id, nom, telephone, adresse, email, actif, "createdAt", "updatedAt") VALUES (8, 'al Fdil Abou Aiach', NULL, NULL, NULL, true, '2026-03-29 15:42:22.914312', '2026-03-29 15:42:22.914312');
INSERT INTO public.clients (id, nom, telephone, adresse, email, actif, "createdAt", "updatedAt") VALUES (9, 'Aghoumach Hmaad', NULL, NULL, NULL, true, '2026-03-29 15:42:22.921634', '2026-03-29 15:42:22.921634');
INSERT INTO public.clients (id, nom, telephone, adresse, email, actif, "createdAt", "updatedAt") VALUES (10, 'Mamaah Mhamed', NULL, NULL, NULL, true, '2026-03-29 15:42:22.92852', '2026-03-29 15:42:22.92852');
INSERT INTO public.clients (id, nom, telephone, adresse, email, actif, "createdAt", "updatedAt") VALUES (11, 'Borzouk lahssine', NULL, NULL, NULL, true, '2026-03-29 15:42:22.935549', '2026-03-29 15:42:22.935549');
INSERT INTO public.clients (id, nom, telephone, adresse, email, actif, "createdAt", "updatedAt") VALUES (12, 'Baali al haj', NULL, NULL, NULL, true, '2026-03-29 15:42:22.943082', '2026-03-29 15:42:22.943082');
INSERT INTO public.clients (id, nom, telephone, adresse, email, actif, "createdAt", "updatedAt") VALUES (13, 'Koujane Driss', NULL, NULL, NULL, true, '2026-03-29 15:42:22.948531', '2026-03-29 15:42:22.948531');
INSERT INTO public.clients (id, nom, telephone, adresse, email, actif, "createdAt", "updatedAt") VALUES (14, 'Ouahouch said', NULL, NULL, NULL, true, '2026-03-29 15:42:22.955244', '2026-03-29 15:42:22.955244');
INSERT INTO public.clients (id, nom, telephone, adresse, email, actif, "createdAt", "updatedAt") VALUES (15, 'Azoour Mhamed', NULL, NULL, NULL, true, '2026-03-29 15:42:22.963301', '2026-03-29 15:42:22.963301');
INSERT INTO public.clients (id, nom, telephone, adresse, email, actif, "createdAt", "updatedAt") VALUES (16, 'Aziz Aghbalou', NULL, NULL, NULL, true, '2026-03-29 15:42:22.969554', '2026-03-29 15:42:22.969554');
INSERT INTO public.clients (id, nom, telephone, adresse, email, actif, "createdAt", "updatedAt") VALUES (17, 'Yassine sahraoui', NULL, NULL, NULL, true, '2026-03-29 15:42:22.977002', '2026-03-29 15:42:22.977002');
INSERT INTO public.clients (id, nom, telephone, adresse, email, actif, "createdAt", "updatedAt") VALUES (18, 'Aziz Rachid', NULL, NULL, NULL, true, '2026-03-29 15:42:22.982205', '2026-03-29 15:42:22.982205');
INSERT INTO public.clients (id, nom, telephone, adresse, email, actif, "createdAt", "updatedAt") VALUES (19, 'Aziz Mostapha', NULL, NULL, NULL, true, '2026-03-29 15:42:22.991189', '2026-03-29 15:42:22.991189');
INSERT INTO public.clients (id, nom, telephone, adresse, email, actif, "createdAt", "updatedAt") VALUES (20, 'Ait Abdellah', NULL, NULL, NULL, true, '2026-03-29 15:42:22.99966', '2026-03-29 15:42:22.99966');
INSERT INTO public.clients (id, nom, telephone, adresse, email, actif, "createdAt", "updatedAt") VALUES (21, 'Karkouch Soufiane', NULL, NULL, NULL, true, '2026-03-29 15:42:23.007385', '2026-03-29 15:42:23.007385');
INSERT INTO public.clients (id, nom, telephone, adresse, email, actif, "createdAt", "updatedAt") VALUES (22, 'Hamidi Said', NULL, NULL, NULL, true, '2026-03-29 15:42:23.01268', '2026-03-29 15:42:23.01268');
INSERT INTO public.clients (id, nom, telephone, adresse, email, actif, "createdAt", "updatedAt") VALUES (23, 'Bou tahiri Mhamed', NULL, NULL, NULL, true, '2026-03-29 15:42:23.018141', '2026-03-29 15:42:23.018141');
INSERT INTO public.clients (id, nom, telephone, adresse, email, actif, "createdAt", "updatedAt") VALUES (24, 'Abdel allah Mhamed', NULL, NULL, NULL, true, '2026-03-29 15:42:23.025204', '2026-03-29 15:42:23.025204');
INSERT INTO public.clients (id, nom, telephone, adresse, email, actif, "createdAt", "updatedAt") VALUES (25, 'baali lahssen', NULL, NULL, NULL, true, '2026-03-29 15:42:23.03041', '2026-03-29 15:42:23.03041');
INSERT INTO public.clients (id, nom, telephone, adresse, email, actif, "createdAt", "updatedAt") VALUES (26, 'Asoou Errich', NULL, NULL, NULL, true, '2026-03-29 15:42:23.035777', '2026-03-29 15:42:23.035777');
INSERT INTO public.clients (id, nom, telephone, adresse, email, actif, "createdAt", "updatedAt") VALUES (27, 'Aboula Hmaad', NULL, NULL, NULL, true, '2026-03-29 15:42:23.043598', '2026-03-29 15:42:23.043598');
INSERT INTO public.clients (id, nom, telephone, adresse, email, actif, "createdAt", "updatedAt") VALUES (28, 'Amzil gebour', NULL, NULL, NULL, true, '2026-03-29 15:42:23.048387', '2026-03-29 15:42:23.048387');
INSERT INTO public.clients (id, nom, telephone, adresse, email, actif, "createdAt", "updatedAt") VALUES (29, 'Amzil ben issa', NULL, NULL, NULL, true, '2026-03-29 15:42:23.054517', '2026-03-29 15:42:23.054517');
INSERT INTO public.clients (id, nom, telephone, adresse, email, actif, "createdAt", "updatedAt") VALUES (30, 'Zakariaa hyan', NULL, NULL, NULL, true, '2026-03-29 15:42:23.060492', '2026-03-29 15:42:23.060492');
INSERT INTO public.clients (id, nom, telephone, adresse, email, actif, "createdAt", "updatedAt") VALUES (31, 'Assghirri Abdel Rahman', NULL, NULL, NULL, true, '2026-03-29 15:42:23.066075', '2026-03-29 15:42:23.066075');
INSERT INTO public.clients (id, nom, telephone, adresse, email, actif, "createdAt", "updatedAt") VALUES (32, 'Ouangi Hicham', NULL, NULL, NULL, true, '2026-03-29 15:42:23.0744', '2026-03-29 15:42:23.0744');
INSERT INTO public.clients (id, nom, telephone, adresse, email, actif, "createdAt", "updatedAt") VALUES (33, 'Mhamed Zaida', NULL, NULL, NULL, true, '2026-03-29 15:42:23.079527', '2026-03-29 15:42:23.079527');
INSERT INTO public.clients (id, nom, telephone, adresse, email, actif, "createdAt", "updatedAt") VALUES (34, 'Afifi Abdel Ouahed', NULL, NULL, NULL, true, '2026-03-29 15:42:23.0848', '2026-03-29 15:42:23.0848');
INSERT INTO public.clients (id, nom, telephone, adresse, email, actif, "createdAt", "updatedAt") VALUES (35, 'Hicham Bou Tlaka', NULL, NULL, NULL, true, '2026-03-29 15:42:23.092965', '2026-03-29 15:42:23.092965');
INSERT INTO public.clients (id, nom, telephone, adresse, email, actif, "createdAt", "updatedAt") VALUES (36, 'Yalhssen', NULL, NULL, NULL, true, '2026-03-29 15:42:23.117436', '2026-03-29 15:42:23.117436');
INSERT INTO public.clients (id, nom, telephone, adresse, email, actif, "createdAt", "updatedAt") VALUES (37, 'Baali Driss', NULL, NULL, NULL, true, '2026-03-29 15:42:23.128032', '2026-03-29 15:42:23.128032');
INSERT INTO public.clients (id, nom, telephone, adresse, email, actif, "createdAt", "updatedAt") VALUES (38, 'Himdi said Aziz', NULL, NULL, NULL, true, '2026-03-29 15:42:23.136313', '2026-03-29 15:42:23.136313');
INSERT INTO public.clients (id, nom, telephone, adresse, email, actif, "createdAt", "updatedAt") VALUES (39, 'Tapro+mostapha', NULL, NULL, NULL, true, '2026-03-29 15:42:23.144184', '2026-03-29 15:42:23.144184');


--
-- Data for Name: entrees; Type: TABLE DATA; Schema: public; Owner: -
--

INSERT INTO public.entrees (id, "dateEntree", "nbCaisses", reference, notes, "createdAt", client_id, chambre_id, "typeCaisse") VALUES (10, '2026-03-29', 8642, NULL, NULL, '2026-03-29 21:22:27.351457', 2, 1, 'bois');
INSERT INTO public.entrees (id, "dateEntree", "nbCaisses", reference, notes, "createdAt", client_id, chambre_id, "typeCaisse") VALUES (11, '2026-03-29', 4293, NULL, NULL, '2026-03-29 21:23:32.994775', 2, 1, 'plastique');
INSERT INTO public.entrees (id, "dateEntree", "nbCaisses", reference, notes, "createdAt", client_id, chambre_id, "typeCaisse") VALUES (12, '2026-04-01', 68, NULL, NULL, '2026-04-01 19:13:17.681557', 34, 2, 'tranger');
INSERT INTO public.entrees (id, "dateEntree", "nbCaisses", reference, notes, "createdAt", client_id, chambre_id, "typeCaisse") VALUES (13, '2026-04-01', 3746, NULL, NULL, '2026-04-01 19:13:49.386719', 4, 2, 'plastique');
INSERT INTO public.entrees (id, "dateEntree", "nbCaisses", reference, notes, "createdAt", client_id, chambre_id, "typeCaisse") VALUES (14, '2026-04-01', 3981, NULL, NULL, '2026-04-01 19:14:28.201145', 3, 2, 'plastique');
INSERT INTO public.entrees (id, "dateEntree", "nbCaisses", reference, notes, "createdAt", client_id, chambre_id, "typeCaisse") VALUES (15, '2026-04-01', 2576, NULL, NULL, '2026-04-01 19:25:03.250104', 24, 2, 'plastique');
INSERT INTO public.entrees (id, "dateEntree", "nbCaisses", reference, notes, "createdAt", client_id, chambre_id, "typeCaisse") VALUES (16, '2026-04-01', 576, NULL, NULL, '2026-04-01 19:25:16.953113', 27, 2, 'plastique');
INSERT INTO public.entrees (id, "dateEntree", "nbCaisses", reference, notes, "createdAt", client_id, chambre_id, "typeCaisse") VALUES (17, '2026-04-01', 500, NULL, NULL, '2026-04-01 19:25:38.742462', 9, 3, 'bois');
INSERT INTO public.entrees (id, "dateEntree", "nbCaisses", reference, notes, "createdAt", client_id, chambre_id, "typeCaisse") VALUES (18, '2026-04-01', 1538, NULL, NULL, '2026-04-01 19:25:38.745258', 9, 3, 'plastique');
INSERT INTO public.entrees (id, "dateEntree", "nbCaisses", reference, notes, "createdAt", client_id, chambre_id, "typeCaisse") VALUES (19, '2026-04-01', 241, NULL, NULL, '2026-04-01 19:25:46.211148', 8, 1, 'bois');
INSERT INTO public.entrees (id, "dateEntree", "nbCaisses", reference, notes, "createdAt", client_id, chambre_id, "typeCaisse") VALUES (20, '2026-04-01', 193, NULL, NULL, '2026-04-01 19:25:46.212064', 8, 1, 'plastique');
INSERT INTO public.entrees (id, "dateEntree", "nbCaisses", reference, notes, "createdAt", client_id, chambre_id, "typeCaisse") VALUES (21, '2026-04-01', 80, NULL, NULL, '2026-04-01 19:26:04.783027', 20, 2, 'plastique');
INSERT INTO public.entrees (id, "dateEntree", "nbCaisses", reference, notes, "createdAt", client_id, chambre_id, "typeCaisse") VALUES (22, '2026-04-01', 4879, NULL, NULL, '2026-04-01 19:26:19.606192', 29, 3, 'bois');
INSERT INTO public.entrees (id, "dateEntree", "nbCaisses", reference, notes, "createdAt", client_id, chambre_id, "typeCaisse") VALUES (23, '2026-04-01', 5, NULL, NULL, '2026-04-01 19:26:19.608838', 29, 3, 'plastique');
INSERT INTO public.entrees (id, "dateEntree", "nbCaisses", reference, notes, "createdAt", client_id, chambre_id, "typeCaisse") VALUES (24, '2026-04-01', 200, NULL, NULL, '2026-04-01 19:26:50.676735', 28, 3, 'bois');
INSERT INTO public.entrees (id, "dateEntree", "nbCaisses", reference, notes, "createdAt", client_id, chambre_id, "typeCaisse") VALUES (25, '2026-04-01', 1085, NULL, NULL, '2026-04-01 19:26:50.682093', 28, 3, 'plastique');
INSERT INTO public.entrees (id, "dateEntree", "nbCaisses", reference, notes, "createdAt", client_id, chambre_id, "typeCaisse") VALUES (26, '2026-04-01', 1065, NULL, NULL, '2026-04-01 19:27:14.569766', 26, 2, 'bois');
INSERT INTO public.entrees (id, "dateEntree", "nbCaisses", reference, notes, "createdAt", client_id, chambre_id, "typeCaisse") VALUES (27, '2026-04-01', 1769, NULL, NULL, '2026-04-01 19:27:14.572476', 26, 2, 'plastique');
INSERT INTO public.entrees (id, "dateEntree", "nbCaisses", reference, notes, "createdAt", client_id, chambre_id, "typeCaisse") VALUES (28, '2026-04-01', 2409, NULL, NULL, '2026-04-01 19:27:49.373085', 31, 4, 'bois');
INSERT INTO public.entrees (id, "dateEntree", "nbCaisses", reference, notes, "createdAt", client_id, chambre_id, "typeCaisse") VALUES (29, '2026-04-01', 1200, NULL, NULL, '2026-04-01 19:27:55.786557', 16, 4, 'plastique');
INSERT INTO public.entrees (id, "dateEntree", "nbCaisses", reference, notes, "createdAt", client_id, chambre_id, "typeCaisse") VALUES (30, '2026-04-01', 489, NULL, NULL, '2026-04-01 19:28:08.134193', 6, 4, 'bois');
INSERT INTO public.entrees (id, "dateEntree", "nbCaisses", reference, notes, "createdAt", client_id, chambre_id, "typeCaisse") VALUES (31, '2026-04-01', 1800, NULL, NULL, '2026-04-01 19:28:08.135323', 6, 4, 'plastique');
INSERT INTO public.entrees (id, "dateEntree", "nbCaisses", reference, notes, "createdAt", client_id, chambre_id, "typeCaisse") VALUES (32, '2026-04-01', 1074, NULL, NULL, '2026-04-01 19:28:19.246952', 19, 5, 'plastique');
INSERT INTO public.entrees (id, "dateEntree", "nbCaisses", reference, notes, "createdAt", client_id, chambre_id, "typeCaisse") VALUES (33, '2026-04-01', 371, NULL, NULL, '2026-04-01 19:28:45.002537', 18, 3, 'plastique');
INSERT INTO public.entrees (id, "dateEntree", "nbCaisses", reference, notes, "createdAt", client_id, chambre_id, "typeCaisse") VALUES (34, '2026-04-01', 303, NULL, NULL, '2026-04-01 19:29:09.709492', 15, 4, 'bois');
INSERT INTO public.entrees (id, "dateEntree", "nbCaisses", reference, notes, "createdAt", client_id, chambre_id, "typeCaisse") VALUES (35, '2026-04-01', 996, NULL, NULL, '2026-04-01 19:29:09.711658', 15, 4, 'plastique');
INSERT INTO public.entrees (id, "dateEntree", "nbCaisses", reference, notes, "createdAt", client_id, chambre_id, "typeCaisse") VALUES (36, '2026-04-01', 746, NULL, NULL, '2026-04-01 19:29:22.201224', 12, 3, 'plastique');
INSERT INTO public.entrees (id, "dateEntree", "nbCaisses", reference, notes, "createdAt", client_id, chambre_id, "typeCaisse") VALUES (37, '2026-04-01', 10800, NULL, NULL, '2026-04-01 19:30:01.36589', 39, 7, 'bois');
INSERT INTO public.entrees (id, "dateEntree", "nbCaisses", reference, notes, "createdAt", client_id, chambre_id, "typeCaisse") VALUES (38, '2026-04-01', 29, NULL, NULL, '2026-04-01 19:32:19.464563', 11, 2, 'tranger');
INSERT INTO public.entrees (id, "dateEntree", "nbCaisses", reference, notes, "createdAt", client_id, chambre_id, "typeCaisse") VALUES (39, '2026-04-01', 800, NULL, NULL, '2026-04-01 19:32:30.056272', 11, 3, 'plastique');
INSERT INTO public.entrees (id, "dateEntree", "nbCaisses", reference, notes, "createdAt", client_id, chambre_id, "typeCaisse") VALUES (40, '2026-04-01', 29, NULL, NULL, '2026-04-01 19:32:30.060801', 11, 3, 'tranger');
INSERT INTO public.entrees (id, "dateEntree", "nbCaisses", reference, notes, "createdAt", client_id, chambre_id, "typeCaisse") VALUES (41, '2026-04-01', 42, NULL, NULL, '2026-04-01 19:40:27.152867', 37, 2, 'plastique');
INSERT INTO public.entrees (id, "dateEntree", "nbCaisses", reference, notes, "createdAt", client_id, chambre_id, "typeCaisse") VALUES (42, '2026-04-01', 4849, NULL, NULL, '2026-04-01 19:44:01.423108', 25, 4, 'plastique');
INSERT INTO public.entrees (id, "dateEntree", "nbCaisses", reference, notes, "createdAt", client_id, chambre_id, "typeCaisse") VALUES (43, '2026-04-01', 121, NULL, NULL, '2026-04-01 19:44:01.428026', 25, 4, 'tranger');
INSERT INTO public.entrees (id, "dateEntree", "nbCaisses", reference, notes, "createdAt", client_id, chambre_id, "typeCaisse") VALUES (44, '2026-04-01', 2379, NULL, NULL, '2026-04-01 19:46:08.313101', 23, 6, 'plastique');
INSERT INTO public.entrees (id, "dateEntree", "nbCaisses", reference, notes, "createdAt", client_id, chambre_id, "typeCaisse") VALUES (45, '2026-04-01', 2379, NULL, NULL, '2026-04-01 19:46:15.654135', 23, 6, 'plastique');
INSERT INTO public.entrees (id, "dateEntree", "nbCaisses", reference, notes, "createdAt", client_id, chambre_id, "typeCaisse") VALUES (46, '2026-04-01', 2521, NULL, NULL, '2026-04-01 19:46:23.391', 5, 6, 'bois');
INSERT INTO public.entrees (id, "dateEntree", "nbCaisses", reference, notes, "createdAt", client_id, chambre_id, "typeCaisse") VALUES (47, '2026-04-01', 1267, NULL, NULL, '2026-04-01 19:46:23.402575', 5, 6, 'plastique');
INSERT INTO public.entrees (id, "dateEntree", "nbCaisses", reference, notes, "createdAt", client_id, chambre_id, "typeCaisse") VALUES (48, '2026-04-01', 67, NULL, NULL, '2026-04-01 19:46:23.453973', 5, 6, 'tranger');
INSERT INTO public.entrees (id, "dateEntree", "nbCaisses", reference, notes, "createdAt", client_id, chambre_id, "typeCaisse") VALUES (49, '2026-04-01', 2521, NULL, NULL, '2026-04-01 19:47:07.545872', 5, 6, 'bois');
INSERT INTO public.entrees (id, "dateEntree", "nbCaisses", reference, notes, "createdAt", client_id, chambre_id, "typeCaisse") VALUES (50, '2026-04-01', 1267, NULL, NULL, '2026-04-01 19:47:07.553572', 5, 6, 'plastique');
INSERT INTO public.entrees (id, "dateEntree", "nbCaisses", reference, notes, "createdAt", client_id, chambre_id, "typeCaisse") VALUES (51, '2026-04-01', 67, NULL, NULL, '2026-04-01 19:47:07.564154', 5, 6, 'tranger');
INSERT INTO public.entrees (id, "dateEntree", "nbCaisses", reference, notes, "createdAt", client_id, chambre_id, "typeCaisse") VALUES (52, '2026-04-01', 201, NULL, NULL, '2026-04-01 19:47:47.180229', 22, 6, 'bois');
INSERT INTO public.entrees (id, "dateEntree", "nbCaisses", reference, notes, "createdAt", client_id, chambre_id, "typeCaisse") VALUES (53, '2026-04-01', 177, NULL, NULL, '2026-04-01 19:47:47.182509', 22, 6, 'plastique');
INSERT INTO public.entrees (id, "dateEntree", "nbCaisses", reference, notes, "createdAt", client_id, chambre_id, "typeCaisse") VALUES (54, '2026-04-01', 201, NULL, NULL, '2026-04-01 19:48:08.577134', 22, 8, 'bois');
INSERT INTO public.entrees (id, "dateEntree", "nbCaisses", reference, notes, "createdAt", client_id, chambre_id, "typeCaisse") VALUES (55, '2026-04-01', 177, NULL, NULL, '2026-04-01 19:48:08.581294', 22, 8, 'plastique');
INSERT INTO public.entrees (id, "dateEntree", "nbCaisses", reference, notes, "createdAt", client_id, chambre_id, "typeCaisse") VALUES (56, '2026-04-01', 50, NULL, NULL, '2026-04-01 19:49:02.497457', 35, 8, 'bois');
INSERT INTO public.entrees (id, "dateEntree", "nbCaisses", reference, notes, "createdAt", client_id, chambre_id, "typeCaisse") VALUES (57, '2026-04-01', 5, NULL, NULL, '2026-04-01 19:49:02.502045', 35, 8, 'plastique');
INSERT INTO public.entrees (id, "dateEntree", "nbCaisses", reference, notes, "createdAt", client_id, chambre_id, "typeCaisse") VALUES (58, '2026-04-01', 50, NULL, NULL, '2026-04-01 19:49:45.997629', 35, 8, 'bois');
INSERT INTO public.entrees (id, "dateEntree", "nbCaisses", reference, notes, "createdAt", client_id, chambre_id, "typeCaisse") VALUES (59, '2026-04-01', 5, NULL, NULL, '2026-04-01 19:49:46.003952', 35, 8, 'plastique');
INSERT INTO public.entrees (id, "dateEntree", "nbCaisses", reference, notes, "createdAt", client_id, chambre_id, "typeCaisse") VALUES (60, '2026-04-01', 1989, NULL, NULL, '2026-04-01 19:49:54.644087', 38, 8, 'plastique');
INSERT INTO public.entrees (id, "dateEntree", "nbCaisses", reference, notes, "createdAt", client_id, chambre_id, "typeCaisse") VALUES (61, '2026-04-01', 1989, NULL, NULL, '2026-04-01 19:50:34.392395', 38, 8, 'plastique');
INSERT INTO public.entrees (id, "dateEntree", "nbCaisses", reference, notes, "createdAt", client_id, chambre_id, "typeCaisse") VALUES (62, '2026-04-01', 2401, NULL, NULL, '2026-04-01 19:51:13.871348', 13, 8, 'plastique');
INSERT INTO public.entrees (id, "dateEntree", "nbCaisses", reference, notes, "createdAt", client_id, chambre_id, "typeCaisse") VALUES (63, '2026-04-01', 1798, NULL, NULL, '2026-04-01 19:51:13.932498', 1, 8, 'bois');
INSERT INTO public.entrees (id, "dateEntree", "nbCaisses", reference, notes, "createdAt", client_id, chambre_id, "typeCaisse") VALUES (64, '2026-04-01', 1342, NULL, NULL, '2026-04-01 19:51:14.015351', 10, 8, 'plastique');
INSERT INTO public.entrees (id, "dateEntree", "nbCaisses", reference, notes, "createdAt", client_id, chambre_id, "typeCaisse") VALUES (65, '2026-04-01', 227, NULL, NULL, '2026-04-01 19:51:14.055409', 33, 8, 'bois');
INSERT INTO public.entrees (id, "dateEntree", "nbCaisses", reference, notes, "createdAt", client_id, chambre_id, "typeCaisse") VALUES (66, '2026-04-01', 35, NULL, NULL, '2026-04-01 19:51:14.056025', 33, 8, 'tranger');
INSERT INTO public.entrees (id, "dateEntree", "nbCaisses", reference, notes, "createdAt", client_id, chambre_id, "typeCaisse") VALUES (67, '2026-04-01', 2022, NULL, NULL, '2026-04-01 19:51:14.144507', 7, 8, 'bois');
INSERT INTO public.entrees (id, "dateEntree", "nbCaisses", reference, notes, "createdAt", client_id, chambre_id, "typeCaisse") VALUES (68, '2026-04-01', 1962, NULL, NULL, '2026-04-01 19:51:14.155081', 7, 8, 'plastique');
INSERT INTO public.entrees (id, "dateEntree", "nbCaisses", reference, notes, "createdAt", client_id, chambre_id, "typeCaisse") VALUES (69, '2026-04-01', 93, NULL, NULL, '2026-04-01 19:51:14.212288', 7, 8, 'tranger');
INSERT INTO public.entrees (id, "dateEntree", "nbCaisses", reference, notes, "createdAt", client_id, chambre_id, "typeCaisse") VALUES (70, '2026-04-01', 886, NULL, NULL, '2026-04-01 19:51:14.25251', 32, 8, 'bois');
INSERT INTO public.entrees (id, "dateEntree", "nbCaisses", reference, notes, "createdAt", client_id, chambre_id, "typeCaisse") VALUES (71, '2026-04-01', 81, NULL, NULL, '2026-04-01 19:51:14.280235', 36, 8, 'tranger');
INSERT INTO public.entrees (id, "dateEntree", "nbCaisses", reference, notes, "createdAt", client_id, chambre_id, "typeCaisse") VALUES (72, '2026-04-01', 62, NULL, NULL, '2026-04-01 19:51:14.347843', 17, 8, 'tranger');
INSERT INTO public.entrees (id, "dateEntree", "nbCaisses", reference, notes, "createdAt", client_id, chambre_id, "typeCaisse") VALUES (73, '2026-04-01', 2401, NULL, NULL, '2026-04-01 19:51:47.482086', 13, 5, 'plastique');
INSERT INTO public.entrees (id, "dateEntree", "nbCaisses", reference, notes, "createdAt", client_id, chambre_id, "typeCaisse") VALUES (74, '2026-04-01', 1798, NULL, NULL, '2026-04-01 19:51:47.537107', 1, 5, 'bois');
INSERT INTO public.entrees (id, "dateEntree", "nbCaisses", reference, notes, "createdAt", client_id, chambre_id, "typeCaisse") VALUES (75, '2026-04-01', 7804, NULL, NULL, '2026-04-01 19:51:47.634014', 1, 5, 'plastique');
INSERT INTO public.entrees (id, "dateEntree", "nbCaisses", reference, notes, "createdAt", client_id, chambre_id, "typeCaisse") VALUES (76, '2026-04-01', 227, NULL, NULL, '2026-04-01 19:51:47.744103', 33, 5, 'bois');
INSERT INTO public.entrees (id, "dateEntree", "nbCaisses", reference, notes, "createdAt", client_id, chambre_id, "typeCaisse") VALUES (77, '2026-04-01', 35, NULL, NULL, '2026-04-01 19:51:47.751536', 33, 5, 'tranger');
INSERT INTO public.entrees (id, "dateEntree", "nbCaisses", reference, notes, "createdAt", client_id, chambre_id, "typeCaisse") VALUES (78, '2026-04-01', 93, NULL, NULL, '2026-04-01 19:51:47.803186', 7, 5, 'tranger');
INSERT INTO public.entrees (id, "dateEntree", "nbCaisses", reference, notes, "createdAt", client_id, chambre_id, "typeCaisse") VALUES (79, '2026-04-01', 81, NULL, NULL, '2026-04-01 19:51:47.870511', 36, 5, 'tranger');
INSERT INTO public.entrees (id, "dateEntree", "nbCaisses", reference, notes, "createdAt", client_id, chambre_id, "typeCaisse") VALUES (80, '2026-04-01', 62, NULL, NULL, '2026-04-01 19:51:47.978628', 17, 5, 'tranger');
INSERT INTO public.entrees (id, "dateEntree", "nbCaisses", reference, notes, "createdAt", client_id, chambre_id, "typeCaisse") VALUES (81, '2026-04-01', 481, NULL, NULL, '2026-04-01 19:52:01.539089', 21, 4, 'bois');
INSERT INTO public.entrees (id, "dateEntree", "nbCaisses", reference, notes, "createdAt", client_id, chambre_id, "typeCaisse") VALUES (82, '2026-04-01', 1123, NULL, NULL, '2026-04-01 19:52:01.545611', 21, 4, 'plastique');
INSERT INTO public.entrees (id, "dateEntree", "nbCaisses", reference, notes, "createdAt", client_id, chambre_id, "typeCaisse") VALUES (83, '2026-04-01', 481, NULL, NULL, '2026-04-01 19:52:21.189641', 21, 4, 'bois');
INSERT INTO public.entrees (id, "dateEntree", "nbCaisses", reference, notes, "createdAt", client_id, chambre_id, "typeCaisse") VALUES (84, '2026-04-01', 1123, NULL, NULL, '2026-04-01 19:52:21.192617', 21, 4, 'plastique');
INSERT INTO public.entrees (id, "dateEntree", "nbCaisses", reference, notes, "createdAt", client_id, chambre_id, "typeCaisse") VALUES (85, '2026-04-01', 1524, NULL, NULL, '2026-04-01 19:52:21.245024', 14, 4, 'plastique');
INSERT INTO public.entrees (id, "dateEntree", "nbCaisses", reference, notes, "createdAt", client_id, chambre_id, "typeCaisse") VALUES (86, '2026-04-01', 940, NULL, NULL, '2026-04-01 19:52:21.27744', 17, 4, 'plastique');
INSERT INTO public.entrees (id, "dateEntree", "nbCaisses", reference, notes, "createdAt", client_id, chambre_id, "typeCaisse") VALUES (87, '2026-04-01', 805, NULL, NULL, '2026-04-01 19:52:21.308938', 30, 4, 'plastique');
INSERT INTO public.entrees (id, "dateEntree", "nbCaisses", reference, notes, "createdAt", client_id, chambre_id, "typeCaisse") VALUES (88, '2026-04-01', 1524, NULL, NULL, '2026-04-01 19:52:43.230444', 14, 3, 'plastique');
INSERT INTO public.entrees (id, "dateEntree", "nbCaisses", reference, notes, "createdAt", client_id, chambre_id, "typeCaisse") VALUES (89, '2026-04-01', 940, NULL, NULL, '2026-04-01 19:52:43.254538', 17, 3, 'plastique');
INSERT INTO public.entrees (id, "dateEntree", "nbCaisses", reference, notes, "createdAt", client_id, chambre_id, "typeCaisse") VALUES (90, '2026-04-01', 805, NULL, NULL, '2026-04-01 19:52:43.288066', 30, 3, 'plastique');


--
-- Data for Name: locations; Type: TABLE DATA; Schema: public; Owner: -
--

INSERT INTO public.locations (id, "dateLocation", "nbCaisses", "nbCaissesRetournees", "typeCaisse", "prixUnitaire", "dateRetourPrevu", notes, "createdAt", "updatedAt", client_id) VALUES (332, '2026-04-11', 2576, 0, 'plastique', 25.00, NULL, NULL, '2026-04-11 14:29:18.740824', '2026-04-11 14:29:18.740824', 24);
INSERT INTO public.locations (id, "dateLocation", "nbCaisses", "nbCaissesRetournees", "typeCaisse", "prixUnitaire", "dateRetourPrevu", notes, "createdAt", "updatedAt", client_id) VALUES (333, '2026-04-11', 3981, 0, 'plastique', 25.00, NULL, NULL, '2026-04-11 14:29:55.278355', '2026-04-11 14:29:55.278355', 3);
INSERT INTO public.locations (id, "dateLocation", "nbCaisses", "nbCaissesRetournees", "typeCaisse", "prixUnitaire", "dateRetourPrevu", notes, "createdAt", "updatedAt", client_id) VALUES (334, '2026-04-11', 576, 0, 'plastique', 25.00, NULL, NULL, '2026-04-11 14:29:55.288446', '2026-04-11 14:29:55.288446', 27);
INSERT INTO public.locations (id, "dateLocation", "nbCaisses", "nbCaissesRetournees", "typeCaisse", "prixUnitaire", "dateRetourPrevu", notes, "createdAt", "updatedAt", client_id) VALUES (335, '2026-04-11', 500, 0, 'bois', 23.00, NULL, NULL, '2026-04-11 14:29:55.299436', '2026-04-11 14:29:55.299436', 9);
INSERT INTO public.locations (id, "dateLocation", "nbCaisses", "nbCaissesRetournees", "typeCaisse", "prixUnitaire", "dateRetourPrevu", notes, "createdAt", "updatedAt", client_id) VALUES (336, '2026-04-11', 1538, 0, 'plastique', 25.00, NULL, NULL, '2026-04-11 14:29:55.329824', '2026-04-11 14:29:55.329824', 9);
INSERT INTO public.locations (id, "dateLocation", "nbCaisses", "nbCaissesRetournees", "typeCaisse", "prixUnitaire", "dateRetourPrevu", notes, "createdAt", "updatedAt", client_id) VALUES (337, '2026-04-11', 80, 0, 'plastique', 25.00, NULL, NULL, '2026-04-11 14:29:55.340769', '2026-04-11 14:29:55.340769', 20);
INSERT INTO public.locations (id, "dateLocation", "nbCaisses", "nbCaissesRetournees", "typeCaisse", "prixUnitaire", "dateRetourPrevu", notes, "createdAt", "updatedAt", client_id) VALUES (338, '2026-04-11', 241, 0, 'bois', 23.00, NULL, NULL, '2026-04-11 14:29:55.347393', '2026-04-11 14:29:55.347393', 8);
INSERT INTO public.locations (id, "dateLocation", "nbCaisses", "nbCaissesRetournees", "typeCaisse", "prixUnitaire", "dateRetourPrevu", notes, "createdAt", "updatedAt", client_id) VALUES (339, '2026-04-11', 193, 0, 'plastique', 25.00, NULL, NULL, '2026-04-11 14:29:55.349206', '2026-04-11 14:29:55.349206', 8);
INSERT INTO public.locations (id, "dateLocation", "nbCaisses", "nbCaissesRetournees", "typeCaisse", "prixUnitaire", "dateRetourPrevu", notes, "createdAt", "updatedAt", client_id) VALUES (340, '2026-04-11', 4879, 0, 'bois', 23.00, NULL, NULL, '2026-04-11 14:29:55.361397', '2026-04-11 14:29:55.361397', 29);
INSERT INTO public.locations (id, "dateLocation", "nbCaisses", "nbCaissesRetournees", "typeCaisse", "prixUnitaire", "dateRetourPrevu", notes, "createdAt", "updatedAt", client_id) VALUES (341, '2026-04-11', 5, 0, 'plastique', 25.00, NULL, NULL, '2026-04-11 14:29:55.363435', '2026-04-11 14:29:55.363435', 29);
INSERT INTO public.locations (id, "dateLocation", "nbCaisses", "nbCaissesRetournees", "typeCaisse", "prixUnitaire", "dateRetourPrevu", notes, "createdAt", "updatedAt", client_id) VALUES (342, '2026-04-11', 200, 0, 'bois', 23.00, NULL, NULL, '2026-04-11 14:29:55.376335', '2026-04-11 14:29:55.376335', 28);
INSERT INTO public.locations (id, "dateLocation", "nbCaisses", "nbCaissesRetournees", "typeCaisse", "prixUnitaire", "dateRetourPrevu", notes, "createdAt", "updatedAt", client_id) VALUES (343, '2026-04-11', 1085, 0, 'plastique', 25.00, NULL, NULL, '2026-04-11 14:29:55.378582', '2026-04-11 14:29:55.378582', 28);
INSERT INTO public.locations (id, "dateLocation", "nbCaisses", "nbCaissesRetournees", "typeCaisse", "prixUnitaire", "dateRetourPrevu", notes, "createdAt", "updatedAt", client_id) VALUES (344, '2026-04-11', 1065, 0, 'bois', 23.00, NULL, NULL, '2026-04-11 14:29:55.38612', '2026-04-11 14:29:55.38612', 26);
INSERT INTO public.locations (id, "dateLocation", "nbCaisses", "nbCaissesRetournees", "typeCaisse", "prixUnitaire", "dateRetourPrevu", notes, "createdAt", "updatedAt", client_id) VALUES (345, '2026-04-11', 1769, 0, 'plastique', 25.00, NULL, NULL, '2026-04-11 14:29:55.387212', '2026-04-11 14:29:55.387212', 26);
INSERT INTO public.locations (id, "dateLocation", "nbCaisses", "nbCaissesRetournees", "typeCaisse", "prixUnitaire", "dateRetourPrevu", notes, "createdAt", "updatedAt", client_id) VALUES (346, '2026-04-11', 2409, 0, 'bois', 23.00, NULL, NULL, '2026-04-11 14:29:55.397878', '2026-04-11 14:29:55.397878', 31);
INSERT INTO public.locations (id, "dateLocation", "nbCaisses", "nbCaissesRetournees", "typeCaisse", "prixUnitaire", "dateRetourPrevu", notes, "createdAt", "updatedAt", client_id) VALUES (347, '2026-04-11', 1200, 0, 'plastique', 25.00, NULL, NULL, '2026-04-11 14:29:55.448961', '2026-04-11 14:29:55.448961', 16);
INSERT INTO public.locations (id, "dateLocation", "nbCaisses", "nbCaissesRetournees", "typeCaisse", "prixUnitaire", "dateRetourPrevu", notes, "createdAt", "updatedAt", client_id) VALUES (348, '2026-04-11', 489, 0, 'bois', 23.00, NULL, NULL, '2026-04-11 14:29:55.458217', '2026-04-11 14:29:55.458217', 6);
INSERT INTO public.locations (id, "dateLocation", "nbCaisses", "nbCaissesRetournees", "typeCaisse", "prixUnitaire", "dateRetourPrevu", notes, "createdAt", "updatedAt", client_id) VALUES (349, '2026-04-11', 1800, 0, 'plastique', 25.00, NULL, NULL, '2026-04-11 14:29:55.459642', '2026-04-11 14:29:55.459642', 6);
INSERT INTO public.locations (id, "dateLocation", "nbCaisses", "nbCaissesRetournees", "typeCaisse", "prixUnitaire", "dateRetourPrevu", notes, "createdAt", "updatedAt", client_id) VALUES (350, '2026-04-11', 1074, 0, 'plastique', 25.00, NULL, NULL, '2026-04-11 14:29:55.467581', '2026-04-11 14:29:55.467581', 19);
INSERT INTO public.locations (id, "dateLocation", "nbCaisses", "nbCaissesRetournees", "typeCaisse", "prixUnitaire", "dateRetourPrevu", notes, "createdAt", "updatedAt", client_id) VALUES (351, '2026-04-11', 371, 0, 'plastique', 25.00, NULL, NULL, '2026-04-11 14:29:55.482201', '2026-04-11 14:29:55.482201', 18);
INSERT INTO public.locations (id, "dateLocation", "nbCaisses", "nbCaissesRetournees", "typeCaisse", "prixUnitaire", "dateRetourPrevu", notes, "createdAt", "updatedAt", client_id) VALUES (352, '2026-04-11', 303, 0, 'bois', 23.00, NULL, NULL, '2026-04-11 14:29:55.495176', '2026-04-11 14:29:55.495176', 15);
INSERT INTO public.locations (id, "dateLocation", "nbCaisses", "nbCaissesRetournees", "typeCaisse", "prixUnitaire", "dateRetourPrevu", notes, "createdAt", "updatedAt", client_id) VALUES (353, '2026-04-11', 996, 0, 'plastique', 25.00, NULL, NULL, '2026-04-11 14:29:55.498085', '2026-04-11 14:29:55.498085', 15);
INSERT INTO public.locations (id, "dateLocation", "nbCaisses", "nbCaissesRetournees", "typeCaisse", "prixUnitaire", "dateRetourPrevu", notes, "createdAt", "updatedAt", client_id) VALUES (354, '2026-04-11', 746, 0, 'plastique', 25.00, NULL, NULL, '2026-04-11 14:29:55.508945', '2026-04-11 14:29:55.508945', 12);
INSERT INTO public.locations (id, "dateLocation", "nbCaisses", "nbCaissesRetournees", "typeCaisse", "prixUnitaire", "dateRetourPrevu", notes, "createdAt", "updatedAt", client_id) VALUES (355, '2026-04-11', 42, 0, 'plastique', 25.00, NULL, NULL, '2026-04-11 14:29:55.520431', '2026-04-11 14:29:55.520431', 37);
INSERT INTO public.locations (id, "dateLocation", "nbCaisses", "nbCaissesRetournees", "typeCaisse", "prixUnitaire", "dateRetourPrevu", notes, "createdAt", "updatedAt", client_id) VALUES (356, '2026-04-11', 4849, 0, 'plastique', 25.00, NULL, NULL, '2026-04-11 14:29:55.530247', '2026-04-11 14:29:55.530247', 25);
INSERT INTO public.locations (id, "dateLocation", "nbCaisses", "nbCaissesRetournees", "typeCaisse", "prixUnitaire", "dateRetourPrevu", notes, "createdAt", "updatedAt", client_id) VALUES (357, '2026-04-11', 800, 0, 'plastique', 25.00, NULL, NULL, '2026-04-11 14:29:55.543234', '2026-04-11 14:29:55.543234', 11);
INSERT INTO public.locations (id, "dateLocation", "nbCaisses", "nbCaissesRetournees", "typeCaisse", "prixUnitaire", "dateRetourPrevu", notes, "createdAt", "updatedAt", client_id) VALUES (358, '2026-04-11', 2379, 0, 'plastique', 25.00, NULL, NULL, '2026-04-11 14:29:55.551393', '2026-04-11 14:29:55.551393', 23);
INSERT INTO public.locations (id, "dateLocation", "nbCaisses", "nbCaissesRetournees", "typeCaisse", "prixUnitaire", "dateRetourPrevu", notes, "createdAt", "updatedAt", client_id) VALUES (359, '2026-04-11', 2521, 0, 'bois', 23.00, NULL, NULL, '2026-04-11 14:29:55.563943', '2026-04-11 14:29:55.563943', 5);
INSERT INTO public.locations (id, "dateLocation", "nbCaisses", "nbCaissesRetournees", "typeCaisse", "prixUnitaire", "dateRetourPrevu", notes, "createdAt", "updatedAt", client_id) VALUES (360, '2026-04-11', 1267, 0, 'plastique', 25.00, NULL, NULL, '2026-04-11 14:29:55.568308', '2026-04-11 14:29:55.568308', 5);
INSERT INTO public.locations (id, "dateLocation", "nbCaisses", "nbCaissesRetournees", "typeCaisse", "prixUnitaire", "dateRetourPrevu", notes, "createdAt", "updatedAt", client_id) VALUES (361, '2026-04-11', 201, 0, 'bois', 23.00, NULL, NULL, '2026-04-11 14:29:55.581265', '2026-04-11 14:29:55.581265', 22);
INSERT INTO public.locations (id, "dateLocation", "nbCaisses", "nbCaissesRetournees", "typeCaisse", "prixUnitaire", "dateRetourPrevu", notes, "createdAt", "updatedAt", client_id) VALUES (362, '2026-04-11', 177, 0, 'plastique', 25.00, NULL, NULL, '2026-04-11 14:29:55.583559', '2026-04-11 14:29:55.583559', 22);
INSERT INTO public.locations (id, "dateLocation", "nbCaisses", "nbCaissesRetournees", "typeCaisse", "prixUnitaire", "dateRetourPrevu", notes, "createdAt", "updatedAt", client_id) VALUES (363, '2026-04-11', 50, 0, 'bois', 23.00, NULL, NULL, '2026-04-11 14:29:55.593858', '2026-04-11 14:29:55.593858', 35);
INSERT INTO public.locations (id, "dateLocation", "nbCaisses", "nbCaissesRetournees", "typeCaisse", "prixUnitaire", "dateRetourPrevu", notes, "createdAt", "updatedAt", client_id) VALUES (364, '2026-04-11', 5, 0, 'plastique', 25.00, NULL, NULL, '2026-04-11 14:29:55.596664', '2026-04-11 14:29:55.596664', 35);
INSERT INTO public.locations (id, "dateLocation", "nbCaisses", "nbCaissesRetournees", "typeCaisse", "prixUnitaire", "dateRetourPrevu", notes, "createdAt", "updatedAt", client_id) VALUES (365, '2026-04-11', 1989, 0, 'plastique', 25.00, NULL, NULL, '2026-04-11 14:29:55.641129', '2026-04-11 14:29:55.641129', 38);
INSERT INTO public.locations (id, "dateLocation", "nbCaisses", "nbCaissesRetournees", "typeCaisse", "prixUnitaire", "dateRetourPrevu", notes, "createdAt", "updatedAt", client_id) VALUES (366, '2026-04-11', 8642, 0, 'bois', 23.00, NULL, NULL, '2026-04-11 14:29:55.649723', '2026-04-11 14:29:55.649723', 2);
INSERT INTO public.locations (id, "dateLocation", "nbCaisses", "nbCaissesRetournees", "typeCaisse", "prixUnitaire", "dateRetourPrevu", notes, "createdAt", "updatedAt", client_id) VALUES (367, '2026-04-11', 4293, 0, 'plastique', 25.00, NULL, NULL, '2026-04-11 14:29:55.651519', '2026-04-11 14:29:55.651519', 2);
INSERT INTO public.locations (id, "dateLocation", "nbCaisses", "nbCaissesRetournees", "typeCaisse", "prixUnitaire", "dateRetourPrevu", notes, "createdAt", "updatedAt", client_id) VALUES (368, '2026-04-11', 481, 0, 'bois', 23.00, NULL, NULL, '2026-04-11 14:29:55.661917', '2026-04-11 14:29:55.661917', 21);
INSERT INTO public.locations (id, "dateLocation", "nbCaisses", "nbCaissesRetournees", "typeCaisse", "prixUnitaire", "dateRetourPrevu", notes, "createdAt", "updatedAt", client_id) VALUES (369, '2026-04-11', 1123, 0, 'plastique', 25.00, NULL, NULL, '2026-04-11 14:29:55.665235', '2026-04-11 14:29:55.665235', 21);
INSERT INTO public.locations (id, "dateLocation", "nbCaisses", "nbCaissesRetournees", "typeCaisse", "prixUnitaire", "dateRetourPrevu", notes, "createdAt", "updatedAt", client_id) VALUES (370, '2026-04-11', 2401, 0, 'plastique', 25.00, NULL, NULL, '2026-04-11 14:29:55.677725', '2026-04-11 14:29:55.677725', 13);
INSERT INTO public.locations (id, "dateLocation", "nbCaisses", "nbCaissesRetournees", "typeCaisse", "prixUnitaire", "dateRetourPrevu", notes, "createdAt", "updatedAt", client_id) VALUES (373, '2026-04-11', 1342, 0, 'plastique', 25.00, NULL, NULL, '2026-04-11 14:29:55.695542', '2026-04-11 14:29:55.695542', 10);
INSERT INTO public.locations (id, "dateLocation", "nbCaisses", "nbCaissesRetournees", "typeCaisse", "prixUnitaire", "dateRetourPrevu", notes, "createdAt", "updatedAt", client_id) VALUES (374, '2026-04-11', 227, 0, 'bois', 23.00, NULL, NULL, '2026-04-11 14:29:55.703983', '2026-04-11 14:29:55.703983', 33);
INSERT INTO public.locations (id, "dateLocation", "nbCaisses", "nbCaissesRetournees", "typeCaisse", "prixUnitaire", "dateRetourPrevu", notes, "createdAt", "updatedAt", client_id) VALUES (375, '2026-04-11', 2022, 0, 'bois', 23.00, NULL, NULL, '2026-04-11 14:29:55.712837', '2026-04-11 14:29:55.712837', 7);
INSERT INTO public.locations (id, "dateLocation", "nbCaisses", "nbCaissesRetournees", "typeCaisse", "prixUnitaire", "dateRetourPrevu", notes, "createdAt", "updatedAt", client_id) VALUES (376, '2026-04-11', 1962, 0, 'plastique', 25.00, NULL, NULL, '2026-04-11 14:29:55.715338', '2026-04-11 14:29:55.715338', 7);
INSERT INTO public.locations (id, "dateLocation", "nbCaisses", "nbCaissesRetournees", "typeCaisse", "prixUnitaire", "dateRetourPrevu", notes, "createdAt", "updatedAt", client_id) VALUES (377, '2026-04-11', 1524, 0, 'plastique', 25.00, NULL, NULL, '2026-04-11 14:29:55.724823', '2026-04-11 14:29:55.724823', 14);
INSERT INTO public.locations (id, "dateLocation", "nbCaisses", "nbCaissesRetournees", "typeCaisse", "prixUnitaire", "dateRetourPrevu", notes, "createdAt", "updatedAt", client_id) VALUES (378, '2026-04-11', 886, 0, 'bois', 23.00, NULL, NULL, '2026-04-11 14:29:55.732388', '2026-04-11 14:29:55.732388', 32);
INSERT INTO public.locations (id, "dateLocation", "nbCaisses", "nbCaissesRetournees", "typeCaisse", "prixUnitaire", "dateRetourPrevu", notes, "createdAt", "updatedAt", client_id) VALUES (379, '2026-04-11', 10800, 0, 'bois', 23.00, NULL, NULL, '2026-04-11 14:29:55.741748', '2026-04-11 14:29:55.741748', 39);
INSERT INTO public.locations (id, "dateLocation", "nbCaisses", "nbCaissesRetournees", "typeCaisse", "prixUnitaire", "dateRetourPrevu", notes, "createdAt", "updatedAt", client_id) VALUES (380, '2026-04-11', 940, 0, 'plastique', 25.00, NULL, NULL, '2026-04-11 14:29:55.748955', '2026-04-11 14:29:55.748955', 17);
INSERT INTO public.locations (id, "dateLocation", "nbCaisses", "nbCaissesRetournees", "typeCaisse", "prixUnitaire", "dateRetourPrevu", notes, "createdAt", "updatedAt", client_id) VALUES (381, '2026-04-11', 805, 0, 'plastique', 25.00, NULL, NULL, '2026-04-11 14:29:55.75831', '2026-04-11 14:29:55.75831', 30);
INSERT INTO public.locations (id, "dateLocation", "nbCaisses", "nbCaissesRetournees", "typeCaisse", "prixUnitaire", "dateRetourPrevu", notes, "createdAt", "updatedAt", client_id) VALUES (371, '2026-04-11', 1798, 300, 'bois', 23.00, NULL, NULL, '2026-04-11 14:29:55.684406', '2026-04-11 14:46:18.802625', 1);
INSERT INTO public.locations (id, "dateLocation", "nbCaisses", "nbCaissesRetournees", "typeCaisse", "prixUnitaire", "dateRetourPrevu", notes, "createdAt", "updatedAt", client_id) VALUES (372, '2026-04-11', 7804, 804, 'plastique', 25.00, NULL, NULL, '2026-04-11 14:29:55.686076', '2026-04-11 14:46:18.812049', 1);
INSERT INTO public.locations (id, "dateLocation", "nbCaisses", "nbCaissesRetournees", "typeCaisse", "prixUnitaire", "dateRetourPrevu", notes, "createdAt", "updatedAt", client_id) VALUES (331, '2026-04-11', 3746, 746, 'plastique', 25.00, NULL, NULL, '2026-04-11 14:28:57.909081', '2026-04-11 14:46:59.199453', 4);
INSERT INTO public.locations (id, "dateLocation", "nbCaisses", "nbCaissesRetournees", "typeCaisse", "prixUnitaire", "dateRetourPrevu", notes, "createdAt", "updatedAt", client_id) VALUES (382, '2026-04-11', 3746, 0, 'plastique', 25.00, NULL, NULL, '2026-04-11 14:49:42.383124', '2026-04-11 14:49:42.383124', 4);
INSERT INTO public.locations (id, "dateLocation", "nbCaisses", "nbCaissesRetournees", "typeCaisse", "prixUnitaire", "dateRetourPrevu", notes, "createdAt", "updatedAt", client_id) VALUES (383, '2026-04-11', 2576, 0, 'plastique', 25.00, NULL, NULL, '2026-04-11 14:49:42.392915', '2026-04-11 14:49:42.392915', 24);
INSERT INTO public.locations (id, "dateLocation", "nbCaisses", "nbCaissesRetournees", "typeCaisse", "prixUnitaire", "dateRetourPrevu", notes, "createdAt", "updatedAt", client_id) VALUES (384, '2026-04-11', 3981, 0, 'plastique', 25.00, NULL, NULL, '2026-04-11 14:49:42.401282', '2026-04-11 14:49:42.401282', 3);
INSERT INTO public.locations (id, "dateLocation", "nbCaisses", "nbCaissesRetournees", "typeCaisse", "prixUnitaire", "dateRetourPrevu", notes, "createdAt", "updatedAt", client_id) VALUES (385, '2026-04-11', 576, 0, 'plastique', 25.00, NULL, NULL, '2026-04-11 14:49:42.409669', '2026-04-11 14:49:42.409669', 27);
INSERT INTO public.locations (id, "dateLocation", "nbCaisses", "nbCaissesRetournees", "typeCaisse", "prixUnitaire", "dateRetourPrevu", notes, "createdAt", "updatedAt", client_id) VALUES (386, '2026-04-11', 500, 0, 'bois', 23.00, NULL, NULL, '2026-04-11 14:49:42.419094', '2026-04-11 14:49:42.419094', 9);
INSERT INTO public.locations (id, "dateLocation", "nbCaisses", "nbCaissesRetournees", "typeCaisse", "prixUnitaire", "dateRetourPrevu", notes, "createdAt", "updatedAt", client_id) VALUES (387, '2026-04-11', 1538, 0, 'plastique', 25.00, NULL, NULL, '2026-04-11 14:49:42.444639', '2026-04-11 14:49:42.444639', 9);
INSERT INTO public.locations (id, "dateLocation", "nbCaisses", "nbCaissesRetournees", "typeCaisse", "prixUnitaire", "dateRetourPrevu", notes, "createdAt", "updatedAt", client_id) VALUES (388, '2026-04-11', 80, 0, 'plastique', 25.00, NULL, NULL, '2026-04-11 14:49:42.451327', '2026-04-11 14:49:42.451327', 20);
INSERT INTO public.locations (id, "dateLocation", "nbCaisses", "nbCaissesRetournees", "typeCaisse", "prixUnitaire", "dateRetourPrevu", notes, "createdAt", "updatedAt", client_id) VALUES (389, '2026-04-11', 241, 0, 'bois', 23.00, NULL, NULL, '2026-04-11 14:49:42.456484', '2026-04-11 14:49:42.456484', 8);
INSERT INTO public.locations (id, "dateLocation", "nbCaisses", "nbCaissesRetournees", "typeCaisse", "prixUnitaire", "dateRetourPrevu", notes, "createdAt", "updatedAt", client_id) VALUES (390, '2026-04-11', 193, 0, 'plastique', 25.00, NULL, NULL, '2026-04-11 14:49:42.457624', '2026-04-11 14:49:42.457624', 8);
INSERT INTO public.locations (id, "dateLocation", "nbCaisses", "nbCaissesRetournees", "typeCaisse", "prixUnitaire", "dateRetourPrevu", notes, "createdAt", "updatedAt", client_id) VALUES (391, '2026-04-11', 4879, 0, 'bois', 23.00, NULL, NULL, '2026-04-11 14:49:42.463437', '2026-04-11 14:49:42.463437', 29);
INSERT INTO public.locations (id, "dateLocation", "nbCaisses", "nbCaissesRetournees", "typeCaisse", "prixUnitaire", "dateRetourPrevu", notes, "createdAt", "updatedAt", client_id) VALUES (392, '2026-04-11', 5, 0, 'plastique', 25.00, NULL, NULL, '2026-04-11 14:49:42.464906', '2026-04-11 14:49:42.464906', 29);
INSERT INTO public.locations (id, "dateLocation", "nbCaisses", "nbCaissesRetournees", "typeCaisse", "prixUnitaire", "dateRetourPrevu", notes, "createdAt", "updatedAt", client_id) VALUES (393, '2026-04-11', 200, 0, 'bois', 23.00, NULL, NULL, '2026-04-11 14:49:42.471889', '2026-04-11 14:49:42.471889', 28);
INSERT INTO public.locations (id, "dateLocation", "nbCaisses", "nbCaissesRetournees", "typeCaisse", "prixUnitaire", "dateRetourPrevu", notes, "createdAt", "updatedAt", client_id) VALUES (394, '2026-04-11', 1085, 0, 'plastique', 25.00, NULL, NULL, '2026-04-11 14:49:42.474022', '2026-04-11 14:49:42.474022', 28);
INSERT INTO public.locations (id, "dateLocation", "nbCaisses", "nbCaissesRetournees", "typeCaisse", "prixUnitaire", "dateRetourPrevu", notes, "createdAt", "updatedAt", client_id) VALUES (395, '2026-04-11', 1065, 0, 'bois', 23.00, NULL, NULL, '2026-04-11 14:49:42.480159', '2026-04-11 14:49:42.480159', 26);
INSERT INTO public.locations (id, "dateLocation", "nbCaisses", "nbCaissesRetournees", "typeCaisse", "prixUnitaire", "dateRetourPrevu", notes, "createdAt", "updatedAt", client_id) VALUES (396, '2026-04-11', 1769, 0, 'plastique', 25.00, NULL, NULL, '2026-04-11 14:49:42.481209', '2026-04-11 14:49:42.481209', 26);
INSERT INTO public.locations (id, "dateLocation", "nbCaisses", "nbCaissesRetournees", "typeCaisse", "prixUnitaire", "dateRetourPrevu", notes, "createdAt", "updatedAt", client_id) VALUES (397, '2026-04-11', 2409, 0, 'bois', 23.00, NULL, NULL, '2026-04-11 14:49:42.488649', '2026-04-11 14:49:42.488649', 31);
INSERT INTO public.locations (id, "dateLocation", "nbCaisses", "nbCaissesRetournees", "typeCaisse", "prixUnitaire", "dateRetourPrevu", notes, "createdAt", "updatedAt", client_id) VALUES (398, '2026-04-11', 1200, 0, 'plastique', 25.00, NULL, NULL, '2026-04-11 14:49:42.493672', '2026-04-11 14:49:42.493672', 16);
INSERT INTO public.locations (id, "dateLocation", "nbCaisses", "nbCaissesRetournees", "typeCaisse", "prixUnitaire", "dateRetourPrevu", notes, "createdAt", "updatedAt", client_id) VALUES (399, '2026-04-11', 489, 0, 'bois', 23.00, NULL, NULL, '2026-04-11 14:49:42.498717', '2026-04-11 14:49:42.498717', 6);
INSERT INTO public.locations (id, "dateLocation", "nbCaisses", "nbCaissesRetournees", "typeCaisse", "prixUnitaire", "dateRetourPrevu", notes, "createdAt", "updatedAt", client_id) VALUES (400, '2026-04-11', 1800, 0, 'plastique', 25.00, NULL, NULL, '2026-04-11 14:49:42.499849', '2026-04-11 14:49:42.499849', 6);
INSERT INTO public.locations (id, "dateLocation", "nbCaisses", "nbCaissesRetournees", "typeCaisse", "prixUnitaire", "dateRetourPrevu", notes, "createdAt", "updatedAt", client_id) VALUES (401, '2026-04-11', 1074, 0, 'plastique', 25.00, NULL, NULL, '2026-04-11 14:49:42.507409', '2026-04-11 14:49:42.507409', 19);
INSERT INTO public.locations (id, "dateLocation", "nbCaisses", "nbCaissesRetournees", "typeCaisse", "prixUnitaire", "dateRetourPrevu", notes, "createdAt", "updatedAt", client_id) VALUES (402, '2026-04-11', 371, 0, 'plastique', 25.00, NULL, NULL, '2026-04-11 14:49:42.513014', '2026-04-11 14:49:42.513014', 18);
INSERT INTO public.locations (id, "dateLocation", "nbCaisses", "nbCaissesRetournees", "typeCaisse", "prixUnitaire", "dateRetourPrevu", notes, "createdAt", "updatedAt", client_id) VALUES (403, '2026-04-11', 303, 0, 'bois', 23.00, NULL, NULL, '2026-04-11 14:49:42.518773', '2026-04-11 14:49:42.518773', 15);
INSERT INTO public.locations (id, "dateLocation", "nbCaisses", "nbCaissesRetournees", "typeCaisse", "prixUnitaire", "dateRetourPrevu", notes, "createdAt", "updatedAt", client_id) VALUES (404, '2026-04-11', 996, 0, 'plastique', 25.00, NULL, NULL, '2026-04-11 14:49:42.519961', '2026-04-11 14:49:42.519961', 15);
INSERT INTO public.locations (id, "dateLocation", "nbCaisses", "nbCaissesRetournees", "typeCaisse", "prixUnitaire", "dateRetourPrevu", notes, "createdAt", "updatedAt", client_id) VALUES (405, '2026-04-11', 746, 0, 'plastique', 25.00, NULL, NULL, '2026-04-11 14:49:42.528116', '2026-04-11 14:49:42.528116', 12);
INSERT INTO public.locations (id, "dateLocation", "nbCaisses", "nbCaissesRetournees", "typeCaisse", "prixUnitaire", "dateRetourPrevu", notes, "createdAt", "updatedAt", client_id) VALUES (406, '2026-04-11', 42, 0, 'plastique', 25.00, NULL, NULL, '2026-04-11 14:49:42.533279', '2026-04-11 14:49:42.533279', 37);
INSERT INTO public.locations (id, "dateLocation", "nbCaisses", "nbCaissesRetournees", "typeCaisse", "prixUnitaire", "dateRetourPrevu", notes, "createdAt", "updatedAt", client_id) VALUES (407, '2026-04-11', 4849, 0, 'plastique', 25.00, NULL, NULL, '2026-04-11 14:49:42.539392', '2026-04-11 14:49:42.539392', 25);
INSERT INTO public.locations (id, "dateLocation", "nbCaisses", "nbCaissesRetournees", "typeCaisse", "prixUnitaire", "dateRetourPrevu", notes, "createdAt", "updatedAt", client_id) VALUES (408, '2026-04-11', 800, 0, 'plastique', 25.00, NULL, NULL, '2026-04-11 14:49:42.544158', '2026-04-11 14:49:42.544158', 11);
INSERT INTO public.locations (id, "dateLocation", "nbCaisses", "nbCaissesRetournees", "typeCaisse", "prixUnitaire", "dateRetourPrevu", notes, "createdAt", "updatedAt", client_id) VALUES (409, '2026-04-11', 2379, 0, 'plastique', 25.00, NULL, NULL, '2026-04-11 14:49:42.54975', '2026-04-11 14:49:42.54975', 23);
INSERT INTO public.locations (id, "dateLocation", "nbCaisses", "nbCaissesRetournees", "typeCaisse", "prixUnitaire", "dateRetourPrevu", notes, "createdAt", "updatedAt", client_id) VALUES (410, '2026-04-11', 2521, 0, 'bois', 23.00, NULL, NULL, '2026-04-11 14:49:42.556509', '2026-04-11 14:49:42.556509', 5);
INSERT INTO public.locations (id, "dateLocation", "nbCaisses", "nbCaissesRetournees", "typeCaisse", "prixUnitaire", "dateRetourPrevu", notes, "createdAt", "updatedAt", client_id) VALUES (411, '2026-04-11', 1267, 0, 'plastique', 25.00, NULL, NULL, '2026-04-11 14:49:42.558386', '2026-04-11 14:49:42.558386', 5);
INSERT INTO public.locations (id, "dateLocation", "nbCaisses", "nbCaissesRetournees", "typeCaisse", "prixUnitaire", "dateRetourPrevu", notes, "createdAt", "updatedAt", client_id) VALUES (412, '2026-04-11', 201, 0, 'bois', 23.00, NULL, NULL, '2026-04-11 14:49:42.564782', '2026-04-11 14:49:42.564782', 22);
INSERT INTO public.locations (id, "dateLocation", "nbCaisses", "nbCaissesRetournees", "typeCaisse", "prixUnitaire", "dateRetourPrevu", notes, "createdAt", "updatedAt", client_id) VALUES (413, '2026-04-11', 177, 0, 'plastique', 25.00, NULL, NULL, '2026-04-11 14:49:42.565898', '2026-04-11 14:49:42.565898', 22);
INSERT INTO public.locations (id, "dateLocation", "nbCaisses", "nbCaissesRetournees", "typeCaisse", "prixUnitaire", "dateRetourPrevu", notes, "createdAt", "updatedAt", client_id) VALUES (414, '2026-04-11', 50, 0, 'bois', 23.00, NULL, NULL, '2026-04-11 14:49:42.573316', '2026-04-11 14:49:42.573316', 35);
INSERT INTO public.locations (id, "dateLocation", "nbCaisses", "nbCaissesRetournees", "typeCaisse", "prixUnitaire", "dateRetourPrevu", notes, "createdAt", "updatedAt", client_id) VALUES (415, '2026-04-11', 5, 0, 'plastique', 25.00, NULL, NULL, '2026-04-11 14:49:42.574308', '2026-04-11 14:49:42.574308', 35);
INSERT INTO public.locations (id, "dateLocation", "nbCaisses", "nbCaissesRetournees", "typeCaisse", "prixUnitaire", "dateRetourPrevu", notes, "createdAt", "updatedAt", client_id) VALUES (416, '2026-04-11', 1989, 0, 'plastique', 25.00, NULL, NULL, '2026-04-11 14:49:42.580039', '2026-04-11 14:49:42.580039', 38);
INSERT INTO public.locations (id, "dateLocation", "nbCaisses", "nbCaissesRetournees", "typeCaisse", "prixUnitaire", "dateRetourPrevu", notes, "createdAt", "updatedAt", client_id) VALUES (417, '2026-04-11', 8642, 0, 'bois', 23.00, NULL, NULL, '2026-04-11 14:49:42.586427', '2026-04-11 14:49:42.586427', 2);
INSERT INTO public.locations (id, "dateLocation", "nbCaisses", "nbCaissesRetournees", "typeCaisse", "prixUnitaire", "dateRetourPrevu", notes, "createdAt", "updatedAt", client_id) VALUES (420, '2026-04-11', 1123, 0, 'plastique', 25.00, NULL, NULL, '2026-04-11 14:49:42.595206', '2026-04-11 14:49:42.595206', 21);
INSERT INTO public.locations (id, "dateLocation", "nbCaisses", "nbCaissesRetournees", "typeCaisse", "prixUnitaire", "dateRetourPrevu", notes, "createdAt", "updatedAt", client_id) VALUES (421, '2026-04-11', 2401, 0, 'plastique', 25.00, NULL, NULL, '2026-04-11 14:49:42.601835', '2026-04-11 14:49:42.601835', 13);
INSERT INTO public.locations (id, "dateLocation", "nbCaisses", "nbCaissesRetournees", "typeCaisse", "prixUnitaire", "dateRetourPrevu", notes, "createdAt", "updatedAt", client_id) VALUES (422, '2026-04-11', 1798, 0, 'bois', 23.00, NULL, NULL, '2026-04-11 14:49:42.607887', '2026-04-11 14:49:42.607887', 1);
INSERT INTO public.locations (id, "dateLocation", "nbCaisses", "nbCaissesRetournees", "typeCaisse", "prixUnitaire", "dateRetourPrevu", notes, "createdAt", "updatedAt", client_id) VALUES (427, '2026-04-11', 1962, 0, 'plastique', 25.00, NULL, NULL, '2026-04-11 14:49:42.62941', '2026-04-11 14:49:42.62941', 7);
INSERT INTO public.locations (id, "dateLocation", "nbCaisses", "nbCaissesRetournees", "typeCaisse", "prixUnitaire", "dateRetourPrevu", notes, "createdAt", "updatedAt", client_id) VALUES (428, '2026-04-11', 1524, 0, 'plastique', 25.00, NULL, NULL, '2026-04-11 14:49:42.636791', '2026-04-11 14:49:42.636791', 14);
INSERT INTO public.locations (id, "dateLocation", "nbCaisses", "nbCaissesRetournees", "typeCaisse", "prixUnitaire", "dateRetourPrevu", notes, "createdAt", "updatedAt", client_id) VALUES (429, '2026-04-11', 886, 0, 'bois', 23.00, NULL, NULL, '2026-04-11 14:49:42.643955', '2026-04-11 14:49:42.643955', 32);
INSERT INTO public.locations (id, "dateLocation", "nbCaisses", "nbCaissesRetournees", "typeCaisse", "prixUnitaire", "dateRetourPrevu", notes, "createdAt", "updatedAt", client_id) VALUES (430, '2026-04-11', 10800, 0, 'bois', 23.00, NULL, NULL, '2026-04-11 14:49:42.651983', '2026-04-11 14:49:42.651983', 39);
INSERT INTO public.locations (id, "dateLocation", "nbCaisses", "nbCaissesRetournees", "typeCaisse", "prixUnitaire", "dateRetourPrevu", notes, "createdAt", "updatedAt", client_id) VALUES (431, '2026-04-11', 940, 0, 'plastique', 25.00, NULL, NULL, '2026-04-11 14:49:42.657886', '2026-04-11 14:49:42.657886', 17);
INSERT INTO public.locations (id, "dateLocation", "nbCaisses", "nbCaissesRetournees", "typeCaisse", "prixUnitaire", "dateRetourPrevu", notes, "createdAt", "updatedAt", client_id) VALUES (432, '2026-04-11', 805, 0, 'plastique', 25.00, NULL, NULL, '2026-04-11 14:49:42.662933', '2026-04-11 14:49:42.662933', 30);
INSERT INTO public.locations (id, "dateLocation", "nbCaisses", "nbCaissesRetournees", "typeCaisse", "prixUnitaire", "dateRetourPrevu", notes, "createdAt", "updatedAt", client_id) VALUES (418, '2026-04-11', 4293, 0, 'plastique', 25.00, NULL, NULL, '2026-04-11 14:49:42.588143', '2026-04-11 14:49:42.588143', 2);
INSERT INTO public.locations (id, "dateLocation", "nbCaisses", "nbCaissesRetournees", "typeCaisse", "prixUnitaire", "dateRetourPrevu", notes, "createdAt", "updatedAt", client_id) VALUES (419, '2026-04-11', 481, 0, 'bois', 23.00, NULL, NULL, '2026-04-11 14:49:42.593979', '2026-04-11 14:49:42.593979', 21);
INSERT INTO public.locations (id, "dateLocation", "nbCaisses", "nbCaissesRetournees", "typeCaisse", "prixUnitaire", "dateRetourPrevu", notes, "createdAt", "updatedAt", client_id) VALUES (423, '2026-04-11', 7804, 0, 'plastique', 25.00, NULL, NULL, '2026-04-11 14:49:42.608907', '2026-04-11 14:49:42.608907', 1);
INSERT INTO public.locations (id, "dateLocation", "nbCaisses", "nbCaissesRetournees", "typeCaisse", "prixUnitaire", "dateRetourPrevu", notes, "createdAt", "updatedAt", client_id) VALUES (424, '2026-04-11', 1342, 0, 'plastique', 25.00, NULL, NULL, '2026-04-11 14:49:42.614998', '2026-04-11 14:49:42.614998', 10);
INSERT INTO public.locations (id, "dateLocation", "nbCaisses", "nbCaissesRetournees", "typeCaisse", "prixUnitaire", "dateRetourPrevu", notes, "createdAt", "updatedAt", client_id) VALUES (425, '2026-04-11', 227, 0, 'bois', 23.00, NULL, NULL, '2026-04-11 14:49:42.62161', '2026-04-11 14:49:42.62161', 33);
INSERT INTO public.locations (id, "dateLocation", "nbCaisses", "nbCaissesRetournees", "typeCaisse", "prixUnitaire", "dateRetourPrevu", notes, "createdAt", "updatedAt", client_id) VALUES (426, '2026-04-11', 2022, 0, 'bois', 23.00, NULL, NULL, '2026-04-11 14:49:42.627546', '2026-04-11 14:49:42.627546', 7);
INSERT INTO public.locations (id, "dateLocation", "nbCaisses", "nbCaissesRetournees", "typeCaisse", "prixUnitaire", "dateRetourPrevu", notes, "createdAt", "updatedAt", client_id) VALUES (433, '2026-04-11', 3746, 0, 'plastique', 25.00, NULL, NULL, '2026-04-11 15:39:28.623089', '2026-04-11 15:39:28.623089', 4);
INSERT INTO public.locations (id, "dateLocation", "nbCaisses", "nbCaissesRetournees", "typeCaisse", "prixUnitaire", "dateRetourPrevu", notes, "createdAt", "updatedAt", client_id) VALUES (434, '2026-04-11', 2576, 0, 'plastique', 25.00, NULL, NULL, '2026-04-11 15:39:40.23036', '2026-04-11 15:39:40.23036', 24);
INSERT INTO public.locations (id, "dateLocation", "nbCaisses", "nbCaissesRetournees", "typeCaisse", "prixUnitaire", "dateRetourPrevu", notes, "createdAt", "updatedAt", client_id) VALUES (435, '2026-04-11', 3981, 0, 'plastique', 25.00, NULL, NULL, '2026-04-11 15:39:52.200132', '2026-04-11 15:39:52.200132', 3);
INSERT INTO public.locations (id, "dateLocation", "nbCaisses", "nbCaissesRetournees", "typeCaisse", "prixUnitaire", "dateRetourPrevu", notes, "createdAt", "updatedAt", client_id) VALUES (436, '2026-04-11', 576, 0, 'plastique', 25.00, NULL, NULL, '2026-04-11 15:39:52.208716', '2026-04-11 15:39:52.208716', 27);
INSERT INTO public.locations (id, "dateLocation", "nbCaisses", "nbCaissesRetournees", "typeCaisse", "prixUnitaire", "dateRetourPrevu", notes, "createdAt", "updatedAt", client_id) VALUES (437, '2026-04-11', 500, 0, 'bois', 23.00, NULL, NULL, '2026-04-11 15:39:52.219916', '2026-04-11 15:39:52.219916', 9);
INSERT INTO public.locations (id, "dateLocation", "nbCaisses", "nbCaissesRetournees", "typeCaisse", "prixUnitaire", "dateRetourPrevu", notes, "createdAt", "updatedAt", client_id) VALUES (438, '2026-04-11', 1538, 0, 'plastique', 25.00, NULL, NULL, '2026-04-11 15:39:52.248308', '2026-04-11 15:39:52.248308', 9);
INSERT INTO public.locations (id, "dateLocation", "nbCaisses", "nbCaissesRetournees", "typeCaisse", "prixUnitaire", "dateRetourPrevu", notes, "createdAt", "updatedAt", client_id) VALUES (439, '2026-04-11', 80, 0, 'plastique', 25.00, NULL, NULL, '2026-04-11 15:39:52.256444', '2026-04-11 15:39:52.256444', 20);
INSERT INTO public.locations (id, "dateLocation", "nbCaisses", "nbCaissesRetournees", "typeCaisse", "prixUnitaire", "dateRetourPrevu", notes, "createdAt", "updatedAt", client_id) VALUES (440, '2026-04-11', 241, 0, 'bois', 23.00, NULL, NULL, '2026-04-11 15:39:52.267309', '2026-04-11 15:39:52.267309', 8);
INSERT INTO public.locations (id, "dateLocation", "nbCaisses", "nbCaissesRetournees", "typeCaisse", "prixUnitaire", "dateRetourPrevu", notes, "createdAt", "updatedAt", client_id) VALUES (441, '2026-04-11', 193, 0, 'plastique', 25.00, NULL, NULL, '2026-04-11 15:39:52.27074', '2026-04-11 15:39:52.27074', 8);
INSERT INTO public.locations (id, "dateLocation", "nbCaisses", "nbCaissesRetournees", "typeCaisse", "prixUnitaire", "dateRetourPrevu", notes, "createdAt", "updatedAt", client_id) VALUES (442, '2026-04-11', 4879, 0, 'bois', 23.00, NULL, NULL, '2026-04-11 15:39:52.281342', '2026-04-11 15:39:52.281342', 29);
INSERT INTO public.locations (id, "dateLocation", "nbCaisses", "nbCaissesRetournees", "typeCaisse", "prixUnitaire", "dateRetourPrevu", notes, "createdAt", "updatedAt", client_id) VALUES (443, '2026-04-11', 5, 0, 'plastique', 25.00, NULL, NULL, '2026-04-11 15:39:52.282976', '2026-04-11 15:39:52.282976', 29);
INSERT INTO public.locations (id, "dateLocation", "nbCaisses", "nbCaissesRetournees", "typeCaisse", "prixUnitaire", "dateRetourPrevu", notes, "createdAt", "updatedAt", client_id) VALUES (444, '2026-04-11', 200, 0, 'bois', 23.00, NULL, NULL, '2026-04-11 15:39:52.29503', '2026-04-11 15:39:52.29503', 28);
INSERT INTO public.locations (id, "dateLocation", "nbCaisses", "nbCaissesRetournees", "typeCaisse", "prixUnitaire", "dateRetourPrevu", notes, "createdAt", "updatedAt", client_id) VALUES (445, '2026-04-11', 1085, 0, 'plastique', 25.00, NULL, NULL, '2026-04-11 15:39:52.296979', '2026-04-11 15:39:52.296979', 28);
INSERT INTO public.locations (id, "dateLocation", "nbCaisses", "nbCaissesRetournees", "typeCaisse", "prixUnitaire", "dateRetourPrevu", notes, "createdAt", "updatedAt", client_id) VALUES (446, '2026-04-11', 1065, 0, 'bois', 23.00, NULL, NULL, '2026-04-11 15:39:52.307302', '2026-04-11 15:39:52.307302', 26);
INSERT INTO public.locations (id, "dateLocation", "nbCaisses", "nbCaissesRetournees", "typeCaisse", "prixUnitaire", "dateRetourPrevu", notes, "createdAt", "updatedAt", client_id) VALUES (447, '2026-04-11', 1769, 0, 'plastique', 25.00, NULL, NULL, '2026-04-11 15:39:52.308813', '2026-04-11 15:39:52.308813', 26);
INSERT INTO public.locations (id, "dateLocation", "nbCaisses", "nbCaissesRetournees", "typeCaisse", "prixUnitaire", "dateRetourPrevu", notes, "createdAt", "updatedAt", client_id) VALUES (448, '2026-04-11', 2409, 0, 'bois', 23.00, NULL, NULL, '2026-04-11 15:39:52.321762', '2026-04-11 15:39:52.321762', 31);
INSERT INTO public.locations (id, "dateLocation", "nbCaisses", "nbCaissesRetournees", "typeCaisse", "prixUnitaire", "dateRetourPrevu", notes, "createdAt", "updatedAt", client_id) VALUES (449, '2026-04-11', 1200, 0, 'plastique', 25.00, NULL, NULL, '2026-04-11 15:39:52.328337', '2026-04-11 15:39:52.328337', 16);
INSERT INTO public.locations (id, "dateLocation", "nbCaisses", "nbCaissesRetournees", "typeCaisse", "prixUnitaire", "dateRetourPrevu", notes, "createdAt", "updatedAt", client_id) VALUES (450, '2026-04-11', 489, 0, 'bois', 23.00, NULL, NULL, '2026-04-11 15:39:52.379698', '2026-04-11 15:39:52.379698', 6);
INSERT INTO public.locations (id, "dateLocation", "nbCaisses", "nbCaissesRetournees", "typeCaisse", "prixUnitaire", "dateRetourPrevu", notes, "createdAt", "updatedAt", client_id) VALUES (451, '2026-04-11', 1800, 0, 'plastique', 25.00, NULL, NULL, '2026-04-11 15:39:52.380929', '2026-04-11 15:39:52.380929', 6);
INSERT INTO public.locations (id, "dateLocation", "nbCaisses", "nbCaissesRetournees", "typeCaisse", "prixUnitaire", "dateRetourPrevu", notes, "createdAt", "updatedAt", client_id) VALUES (452, '2026-04-11', 1074, 0, 'plastique', 25.00, NULL, NULL, '2026-04-11 15:39:52.389019', '2026-04-11 15:39:52.389019', 19);
INSERT INTO public.locations (id, "dateLocation", "nbCaisses", "nbCaissesRetournees", "typeCaisse", "prixUnitaire", "dateRetourPrevu", notes, "createdAt", "updatedAt", client_id) VALUES (453, '2026-04-11', 371, 0, 'plastique', 25.00, NULL, NULL, '2026-04-11 15:39:52.398913', '2026-04-11 15:39:52.398913', 18);
INSERT INTO public.locations (id, "dateLocation", "nbCaisses", "nbCaissesRetournees", "typeCaisse", "prixUnitaire", "dateRetourPrevu", notes, "createdAt", "updatedAt", client_id) VALUES (454, '2026-04-11', 303, 0, 'bois', 23.00, NULL, NULL, '2026-04-11 15:39:52.410547', '2026-04-11 15:39:52.410547', 15);
INSERT INTO public.locations (id, "dateLocation", "nbCaisses", "nbCaissesRetournees", "typeCaisse", "prixUnitaire", "dateRetourPrevu", notes, "createdAt", "updatedAt", client_id) VALUES (455, '2026-04-11', 996, 0, 'plastique', 25.00, NULL, NULL, '2026-04-11 15:39:52.41367', '2026-04-11 15:39:52.41367', 15);
INSERT INTO public.locations (id, "dateLocation", "nbCaisses", "nbCaissesRetournees", "typeCaisse", "prixUnitaire", "dateRetourPrevu", notes, "createdAt", "updatedAt", client_id) VALUES (456, '2026-04-11', 746, 0, 'plastique', 25.00, NULL, NULL, '2026-04-11 15:39:52.425066', '2026-04-11 15:39:52.425066', 12);
INSERT INTO public.locations (id, "dateLocation", "nbCaisses", "nbCaissesRetournees", "typeCaisse", "prixUnitaire", "dateRetourPrevu", notes, "createdAt", "updatedAt", client_id) VALUES (457, '2026-04-11', 42, 0, 'plastique', 25.00, NULL, NULL, '2026-04-11 15:39:52.439373', '2026-04-11 15:39:52.439373', 37);
INSERT INTO public.locations (id, "dateLocation", "nbCaisses", "nbCaissesRetournees", "typeCaisse", "prixUnitaire", "dateRetourPrevu", notes, "createdAt", "updatedAt", client_id) VALUES (458, '2026-04-11', 4849, 0, 'plastique', 25.00, NULL, NULL, '2026-04-11 15:39:52.446547', '2026-04-11 15:39:52.446547', 25);
INSERT INTO public.locations (id, "dateLocation", "nbCaisses", "nbCaissesRetournees", "typeCaisse", "prixUnitaire", "dateRetourPrevu", notes, "createdAt", "updatedAt", client_id) VALUES (459, '2026-04-11', 800, 0, 'plastique', 25.00, NULL, NULL, '2026-04-11 15:39:52.457602', '2026-04-11 15:39:52.457602', 11);
INSERT INTO public.locations (id, "dateLocation", "nbCaisses", "nbCaissesRetournees", "typeCaisse", "prixUnitaire", "dateRetourPrevu", notes, "createdAt", "updatedAt", client_id) VALUES (460, '2026-04-11', 2379, 0, 'plastique', 25.00, NULL, NULL, '2026-04-11 15:39:52.472326', '2026-04-11 15:39:52.472326', 23);
INSERT INTO public.locations (id, "dateLocation", "nbCaisses", "nbCaissesRetournees", "typeCaisse", "prixUnitaire", "dateRetourPrevu", notes, "createdAt", "updatedAt", client_id) VALUES (461, '2026-04-11', 2521, 0, 'bois', 23.00, NULL, NULL, '2026-04-11 15:39:52.480944', '2026-04-11 15:39:52.480944', 5);
INSERT INTO public.locations (id, "dateLocation", "nbCaisses", "nbCaissesRetournees", "typeCaisse", "prixUnitaire", "dateRetourPrevu", notes, "createdAt", "updatedAt", client_id) VALUES (462, '2026-04-11', 1267, 0, 'plastique', 25.00, NULL, NULL, '2026-04-11 15:39:52.482134', '2026-04-11 15:39:52.482134', 5);
INSERT INTO public.locations (id, "dateLocation", "nbCaisses", "nbCaissesRetournees", "typeCaisse", "prixUnitaire", "dateRetourPrevu", notes, "createdAt", "updatedAt", client_id) VALUES (463, '2026-04-11', 201, 0, 'bois', 23.00, NULL, NULL, '2026-04-11 15:39:52.493792', '2026-04-11 15:39:52.493792', 22);
INSERT INTO public.locations (id, "dateLocation", "nbCaisses", "nbCaissesRetournees", "typeCaisse", "prixUnitaire", "dateRetourPrevu", notes, "createdAt", "updatedAt", client_id) VALUES (464, '2026-04-11', 177, 0, 'plastique', 25.00, NULL, NULL, '2026-04-11 15:39:52.496593', '2026-04-11 15:39:52.496593', 22);
INSERT INTO public.locations (id, "dateLocation", "nbCaisses", "nbCaissesRetournees", "typeCaisse", "prixUnitaire", "dateRetourPrevu", notes, "createdAt", "updatedAt", client_id) VALUES (465, '2026-04-11', 50, 0, 'bois', 23.00, NULL, NULL, '2026-04-11 15:39:52.509356', '2026-04-11 15:39:52.509356', 35);
INSERT INTO public.locations (id, "dateLocation", "nbCaisses", "nbCaissesRetournees", "typeCaisse", "prixUnitaire", "dateRetourPrevu", notes, "createdAt", "updatedAt", client_id) VALUES (466, '2026-04-11', 5, 0, 'plastique', 25.00, NULL, NULL, '2026-04-11 15:39:52.512189', '2026-04-11 15:39:52.512189', 35);
INSERT INTO public.locations (id, "dateLocation", "nbCaisses", "nbCaissesRetournees", "typeCaisse", "prixUnitaire", "dateRetourPrevu", notes, "createdAt", "updatedAt", client_id) VALUES (467, '2026-04-11', 1989, 0, 'plastique', 25.00, NULL, NULL, '2026-04-11 15:39:52.520445', '2026-04-11 15:39:52.520445', 38);
INSERT INTO public.locations (id, "dateLocation", "nbCaisses", "nbCaissesRetournees", "typeCaisse", "prixUnitaire", "dateRetourPrevu", notes, "createdAt", "updatedAt", client_id) VALUES (468, '2026-04-11', 8642, 0, 'bois', 23.00, NULL, NULL, '2026-04-11 15:39:52.527652', '2026-04-11 15:39:52.527652', 2);
INSERT INTO public.locations (id, "dateLocation", "nbCaisses", "nbCaissesRetournees", "typeCaisse", "prixUnitaire", "dateRetourPrevu", notes, "createdAt", "updatedAt", client_id) VALUES (469, '2026-04-11', 4293, 0, 'plastique', 25.00, NULL, NULL, '2026-04-11 15:39:52.528995', '2026-04-11 15:39:52.528995', 2);
INSERT INTO public.locations (id, "dateLocation", "nbCaisses", "nbCaissesRetournees", "typeCaisse", "prixUnitaire", "dateRetourPrevu", notes, "createdAt", "updatedAt", client_id) VALUES (470, '2026-04-11', 481, 0, 'bois', 23.00, NULL, NULL, '2026-04-11 15:39:52.563898', '2026-04-11 15:39:52.563898', 21);
INSERT INTO public.locations (id, "dateLocation", "nbCaisses", "nbCaissesRetournees", "typeCaisse", "prixUnitaire", "dateRetourPrevu", notes, "createdAt", "updatedAt", client_id) VALUES (471, '2026-04-11', 1123, 0, 'plastique', 25.00, NULL, NULL, '2026-04-11 15:39:52.56561', '2026-04-11 15:39:52.56561', 21);
INSERT INTO public.locations (id, "dateLocation", "nbCaisses", "nbCaissesRetournees", "typeCaisse", "prixUnitaire", "dateRetourPrevu", notes, "createdAt", "updatedAt", client_id) VALUES (472, '2026-04-11', 2401, 0, 'plastique', 25.00, NULL, NULL, '2026-04-11 15:39:52.572044', '2026-04-11 15:39:52.572044', 13);
INSERT INTO public.locations (id, "dateLocation", "nbCaisses", "nbCaissesRetournees", "typeCaisse", "prixUnitaire", "dateRetourPrevu", notes, "createdAt", "updatedAt", client_id) VALUES (473, '2026-04-11', 1798, 0, 'bois', 23.00, NULL, NULL, '2026-04-11 15:39:52.57847', '2026-04-11 15:39:52.57847', 1);
INSERT INTO public.locations (id, "dateLocation", "nbCaisses", "nbCaissesRetournees", "typeCaisse", "prixUnitaire", "dateRetourPrevu", notes, "createdAt", "updatedAt", client_id) VALUES (474, '2026-04-11', 7804, 0, 'plastique', 25.00, NULL, NULL, '2026-04-11 15:39:52.580773', '2026-04-11 15:39:52.580773', 1);
INSERT INTO public.locations (id, "dateLocation", "nbCaisses", "nbCaissesRetournees", "typeCaisse", "prixUnitaire", "dateRetourPrevu", notes, "createdAt", "updatedAt", client_id) VALUES (475, '2026-04-11', 1342, 0, 'plastique', 25.00, NULL, NULL, '2026-04-11 15:39:52.589875', '2026-04-11 15:39:52.589875', 10);
INSERT INTO public.locations (id, "dateLocation", "nbCaisses", "nbCaissesRetournees", "typeCaisse", "prixUnitaire", "dateRetourPrevu", notes, "createdAt", "updatedAt", client_id) VALUES (476, '2026-04-11', 227, 0, 'bois', 23.00, NULL, NULL, '2026-04-11 15:39:52.596603', '2026-04-11 15:39:52.596603', 33);
INSERT INTO public.locations (id, "dateLocation", "nbCaisses", "nbCaissesRetournees", "typeCaisse", "prixUnitaire", "dateRetourPrevu", notes, "createdAt", "updatedAt", client_id) VALUES (477, '2026-04-11', 2022, 0, 'bois', 23.00, NULL, NULL, '2026-04-11 15:39:52.605521', '2026-04-11 15:39:52.605521', 7);
INSERT INTO public.locations (id, "dateLocation", "nbCaisses", "nbCaissesRetournees", "typeCaisse", "prixUnitaire", "dateRetourPrevu", notes, "createdAt", "updatedAt", client_id) VALUES (478, '2026-04-11', 1962, 0, 'plastique', 25.00, NULL, NULL, '2026-04-11 15:39:52.606985', '2026-04-11 15:39:52.606985', 7);
INSERT INTO public.locations (id, "dateLocation", "nbCaisses", "nbCaissesRetournees", "typeCaisse", "prixUnitaire", "dateRetourPrevu", notes, "createdAt", "updatedAt", client_id) VALUES (479, '2026-04-11', 1524, 0, 'plastique', 25.00, NULL, NULL, '2026-04-11 15:39:52.619373', '2026-04-11 15:39:52.619373', 14);
INSERT INTO public.locations (id, "dateLocation", "nbCaisses", "nbCaissesRetournees", "typeCaisse", "prixUnitaire", "dateRetourPrevu", notes, "createdAt", "updatedAt", client_id) VALUES (480, '2026-04-11', 886, 0, 'bois', 23.00, NULL, NULL, '2026-04-11 15:39:52.626437', '2026-04-11 15:39:52.626437', 32);
INSERT INTO public.locations (id, "dateLocation", "nbCaisses", "nbCaissesRetournees", "typeCaisse", "prixUnitaire", "dateRetourPrevu", notes, "createdAt", "updatedAt", client_id) VALUES (481, '2026-04-11', 10800, 0, 'bois', 23.00, NULL, NULL, '2026-04-11 15:39:52.634798', '2026-04-11 15:39:52.634798', 39);
INSERT INTO public.locations (id, "dateLocation", "nbCaisses", "nbCaissesRetournees", "typeCaisse", "prixUnitaire", "dateRetourPrevu", notes, "createdAt", "updatedAt", client_id) VALUES (482, '2026-04-11', 940, 0, 'plastique', 25.00, NULL, NULL, '2026-04-11 15:39:52.642255', '2026-04-11 15:39:52.642255', 17);
INSERT INTO public.locations (id, "dateLocation", "nbCaisses", "nbCaissesRetournees", "typeCaisse", "prixUnitaire", "dateRetourPrevu", notes, "createdAt", "updatedAt", client_id) VALUES (483, '2026-04-11', 805, 0, 'plastique', 25.00, NULL, NULL, '2026-04-11 15:39:52.647855', '2026-04-11 15:39:52.647855', 30);


--
-- Data for Name: paiements; Type: TABLE DATA; Schema: public; Owner: -
--

INSERT INTO public.paiements (id, "datePaiement", montant, "modePaiement", reference, notes, "createdAt", client_id) VALUES (1, '2026-04-09', 20000.00, 'especes', NULL, NULL, '2026-04-09 23:25:33.83781', 4);


--
-- Data for Name: reservations; Type: TABLE DATA; Schema: public; Owner: -
--

INSERT INTO public.reservations (id, "dateReservation", "dateSortiePrevisionnelle", "nbCaissesBois", "nbCaissesPластique", "prixUnitaireBois", "prixUnitairePlastique", statut, notes, "createdAt", "updatedAt", client_id, "nbCaissesTranger", "prixUnitaireTranger") VALUES (21, '2026-03-29', NULL, 0, 371, 0.00, 25.00, 'confirmee', NULL, '2026-03-29 17:19:27.072863', '2026-03-30 16:31:07.237935', 18, 0, 0.00);
INSERT INTO public.reservations (id, "dateReservation", "dateSortiePrevisionnelle", "nbCaissesBois", "nbCaissesPластique", "prixUnitaireBois", "prixUnitairePlastique", statut, notes, "createdAt", "updatedAt", client_id, "nbCaissesTranger", "prixUnitaireTranger") VALUES (30, '2026-03-29', NULL, 4879, 5, 23.00, 25.00, 'confirmee', NULL, '2026-03-29 17:34:25.620921', '2026-03-29 20:32:47.182602', 29, 0, 0.00);
INSERT INTO public.reservations (id, "dateReservation", "dateSortiePrevisionnelle", "nbCaissesBois", "nbCaissesPластique", "prixUnitaireBois", "prixUnitairePlastique", statut, notes, "createdAt", "updatedAt", client_id, "nbCaissesTranger", "prixUnitaireTranger") VALUES (18, '2026-03-29', NULL, 303, 996, 23.00, 25.00, 'confirmee', NULL, '2026-03-29 17:17:34.266146', '2026-03-30 16:31:14.847946', 15, 0, 0.00);
INSERT INTO public.reservations (id, "dateReservation", "dateSortiePrevisionnelle", "nbCaissesBois", "nbCaissesPластique", "prixUnitaireBois", "prixUnitairePlastique", statut, notes, "createdAt", "updatedAt", client_id, "nbCaissesTranger", "prixUnitaireTranger") VALUES (27, '2026-03-29', NULL, 0, 2576, 0.00, 25.00, 'confirmee', NULL, '2026-03-29 17:23:49.236532', '2026-03-29 20:27:10.265262', 24, 0, 0.00);
INSERT INTO public.reservations (id, "dateReservation", "dateSortiePrevisionnelle", "nbCaissesBois", "nbCaissesPластique", "prixUnitaireBois", "prixUnitairePlastique", statut, notes, "createdAt", "updatedAt", client_id, "nbCaissesTranger", "prixUnitaireTranger") VALUES (4, '2025-11-28', '2026-04-29', 0, 3981, 0.00, 25.00, 'confirmee', NULL, '2026-03-29 16:28:06.12394', '2026-03-29 20:27:25.327574', 3, 0, 0.00);
INSERT INTO public.reservations (id, "dateReservation", "dateSortiePrevisionnelle", "nbCaissesBois", "nbCaissesPластique", "prixUnitaireBois", "prixUnitairePlastique", statut, notes, "createdAt", "updatedAt", client_id, "nbCaissesTranger", "prixUnitaireTranger") VALUES (28, '2026-03-29', NULL, 0, 576, 0.00, 25.00, 'confirmee', NULL, '2026-03-29 17:27:08.214388', '2026-03-29 20:28:03.365877', 27, 0, 0.00);
INSERT INTO public.reservations (id, "dateReservation", "dateSortiePrevisionnelle", "nbCaissesBois", "nbCaissesPластique", "prixUnitaireBois", "prixUnitairePlastique", statut, notes, "createdAt", "updatedAt", client_id, "nbCaissesTranger", "prixUnitaireTranger") VALUES (35, '2026-03-29', NULL, 0, 0, 0.00, 0.00, 'confirmee', NULL, '2026-03-29 17:37:49.27177', '2026-03-29 20:28:14.813201', 34, 68, 20.00);
INSERT INTO public.reservations (id, "dateReservation", "dateSortiePrevisionnelle", "nbCaissesBois", "nbCaissesPластique", "prixUnitaireBois", "prixUnitairePlastique", statut, notes, "createdAt", "updatedAt", client_id, "nbCaissesTranger", "prixUnitaireTranger") VALUES (37, '2026-03-29', NULL, 0, 42, 0.00, 25.00, 'confirmee', NULL, '2026-03-29 17:39:23.87842', '2026-03-30 16:31:21.67697', 37, 0, 0.00);
INSERT INTO public.reservations (id, "dateReservation", "dateSortiePrevisionnelle", "nbCaissesBois", "nbCaissesPластique", "prixUnitaireBois", "prixUnitairePlastique", statut, notes, "createdAt", "updatedAt", client_id, "nbCaissesTranger", "prixUnitaireTranger") VALUES (23, '2026-03-29', NULL, 0, 80, 0.00, 25.00, 'confirmee', NULL, '2026-03-29 17:20:25.265207', '2026-03-29 20:29:19.800889', 20, 0, 0.00);
INSERT INTO public.reservations (id, "dateReservation", "dateSortiePrevisionnelle", "nbCaissesBois", "nbCaissesPластique", "prixUnitaireBois", "prixUnitairePlastique", statut, notes, "createdAt", "updatedAt", client_id, "nbCaissesTranger", "prixUnitaireTranger") VALUES (14, '2026-03-29', NULL, 0, 4849, 0.00, 25.00, 'confirmee', NULL, '2026-03-29 17:14:12.69262', '2026-03-30 16:31:26.815744', 25, 121, 20.00);
INSERT INTO public.reservations (id, "dateReservation", "dateSortiePrevisionnelle", "nbCaissesBois", "nbCaissesPластique", "prixUnitaireBois", "prixUnitairePlastique", statut, notes, "createdAt", "updatedAt", client_id, "nbCaissesTranger", "prixUnitaireTranger") VALUES (13, '2026-03-29', NULL, 0, 800, 0.00, 25.00, 'confirmee', NULL, '2026-03-29 17:13:31.030138', '2026-04-01 19:10:59.900598', 11, 29, 20.00);
INSERT INTO public.reservations (id, "dateReservation", "dateSortiePrevisionnelle", "nbCaissesBois", "nbCaissesPластique", "prixUnitaireBois", "prixUnitairePlastique", statut, notes, "createdAt", "updatedAt", client_id, "nbCaissesTranger", "prixUnitaireTranger") VALUES (10, '2026-03-29', NULL, 241, 193, 23.00, 25.00, 'confirmee', NULL, '2026-03-29 17:11:19.477536', '2026-03-29 20:31:25.016314', 8, 0, 0.00);
INSERT INTO public.reservations (id, "dateReservation", "dateSortiePrevisionnelle", "nbCaissesBois", "nbCaissesPластique", "prixUnitaireBois", "prixUnitairePlastique", statut, notes, "createdAt", "updatedAt", client_id, "nbCaissesTranger", "prixUnitaireTranger") VALUES (26, '2026-03-29', NULL, 0, 2379, 0.00, 25.00, 'confirmee', NULL, '2026-03-29 17:23:22.123271', '2026-04-01 19:59:03.562438', 23, 0, 0.00);
INSERT INTO public.reservations (id, "dateReservation", "dateSortiePrevisionnelle", "nbCaissesBois", "nbCaissesPластique", "prixUnitaireBois", "prixUnitairePlastique", statut, notes, "createdAt", "updatedAt", client_id, "nbCaissesTranger", "prixUnitaireTranger") VALUES (8, '2026-03-29', NULL, 2521, 1267, 23.00, 25.00, 'confirmee', NULL, '2026-03-29 17:08:52.124612', '2026-04-01 19:59:12.610631', 5, 67, 20.00);
INSERT INTO public.reservations (id, "dateReservation", "dateSortiePrevisionnelle", "nbCaissesBois", "nbCaissesPластique", "prixUnitaireBois", "prixUnitairePlastique", statut, notes, "createdAt", "updatedAt", client_id, "nbCaissesTranger", "prixUnitaireTranger") VALUES (38, '2026-03-29', NULL, 201, 177, 23.00, 25.00, 'confirmee', NULL, '2026-03-29 17:40:13.49662', '2026-04-01 19:59:18.574313', 22, 0, 0.00);
INSERT INTO public.reservations (id, "dateReservation", "dateSortiePrevisionnelle", "nbCaissesBois", "nbCaissesPластique", "prixUnitaireBois", "prixUnitairePlastique", statut, notes, "createdAt", "updatedAt", client_id, "nbCaissesTranger", "prixUnitaireTranger") VALUES (36, '2026-03-29', NULL, 50, 5, 23.00, 25.00, 'confirmee', NULL, '2026-03-29 17:38:23.638492', '2026-04-01 19:59:26.561116', 35, 0, 0.00);
INSERT INTO public.reservations (id, "dateReservation", "dateSortiePrevisionnelle", "nbCaissesBois", "nbCaissesPластique", "prixUnitaireBois", "prixUnitairePlastique", statut, notes, "createdAt", "updatedAt", client_id, "nbCaissesTranger", "prixUnitaireTranger") VALUES (25, '2026-03-29', NULL, 0, 1989, 0.00, 25.00, 'confirmee', NULL, '2026-03-29 17:22:47.945126', '2026-04-01 19:59:34.269117', 38, 0, 0.00);
INSERT INTO public.reservations (id, "dateReservation", "dateSortiePrevisionnelle", "nbCaissesBois", "nbCaissesPластique", "prixUnitaireBois", "prixUnitairePlastique", statut, notes, "createdAt", "updatedAt", client_id, "nbCaissesTranger", "prixUnitaireTranger") VALUES (11, '2026-03-29', NULL, 500, 1538, 23.00, 25.00, 'confirmee', NULL, '2026-03-29 17:12:05.616673', '2026-03-29 20:36:04.499641', 9, 0, 0.00);
INSERT INTO public.reservations (id, "dateReservation", "dateSortiePrevisionnelle", "nbCaissesBois", "nbCaissesPластique", "prixUnitaireBois", "prixUnitairePlastique", statut, notes, "createdAt", "updatedAt", client_id, "nbCaissesTranger", "prixUnitaireTranger") VALUES (3, '2025-11-28', '2026-04-29', 8642, 4293, 23.00, 25.00, 'confirmee', NULL, '2026-03-29 16:27:17.371021', '2026-04-01 19:59:38.403445', 2, 0, 0.00);
INSERT INTO public.reservations (id, "dateReservation", "dateSortiePrevisionnelle", "nbCaissesBois", "nbCaissesPластique", "prixUnitaireBois", "prixUnitairePlastique", statut, notes, "createdAt", "updatedAt", client_id, "nbCaissesTranger", "prixUnitaireTranger") VALUES (24, '2026-03-29', NULL, 481, 1123, 23.00, 25.00, 'confirmee', NULL, '2026-03-29 17:21:47.722704', '2026-04-01 19:59:42.343827', 21, 0, 0.00);
INSERT INTO public.reservations (id, "dateReservation", "dateSortiePrevisionnelle", "nbCaissesBois", "nbCaissesPластique", "prixUnitaireBois", "prixUnitairePlastique", statut, notes, "createdAt", "updatedAt", client_id, "nbCaissesTranger", "prixUnitaireTranger") VALUES (46, '2026-03-30', NULL, 200, 1085, 23.00, 25.00, 'confirmee', NULL, '2026-03-30 13:42:38.153361', '2026-03-30 16:29:51.226533', 28, 0, 0.00);
INSERT INTO public.reservations (id, "dateReservation", "dateSortiePrevisionnelle", "nbCaissesBois", "nbCaissesPластique", "prixUnitaireBois", "prixUnitairePlastique", statut, notes, "createdAt", "updatedAt", client_id, "nbCaissesTranger", "prixUnitaireTranger") VALUES (32, '2026-03-29', NULL, 2409, 0, 23.00, 0.00, 'confirmee', NULL, '2026-03-29 17:35:52.914201', '2026-03-30 16:30:00.394372', 31, 0, 0.00);
INSERT INTO public.reservations (id, "dateReservation", "dateSortiePrevisionnelle", "nbCaissesBois", "nbCaissesPластique", "prixUnitaireBois", "prixUnitairePlastique", statut, notes, "createdAt", "updatedAt", client_id, "nbCaissesTranger", "prixUnitaireTranger") VALUES (40, '2026-03-29', NULL, 1065, 1769, 23.00, 25.00, 'confirmee', NULL, '2026-03-29 20:16:30.264773', '2026-03-30 16:30:13.285701', 26, 0, 0.00);
INSERT INTO public.reservations (id, "dateReservation", "dateSortiePrevisionnelle", "nbCaissesBois", "nbCaissesPластique", "prixUnitaireBois", "prixUnitairePlastique", statut, notes, "createdAt", "updatedAt", client_id, "nbCaissesTranger", "prixUnitaireTranger") VALUES (19, '2026-03-29', NULL, 0, 1200, 0.00, 25.00, 'confirmee', NULL, '2026-03-29 17:18:12.674693', '2026-03-30 16:30:26.033328', 16, 0, 0.00);
INSERT INTO public.reservations (id, "dateReservation", "dateSortiePrevisionnelle", "nbCaissesBois", "nbCaissesPластique", "prixUnitaireBois", "prixUnitairePlastique", statut, notes, "createdAt", "updatedAt", client_id, "nbCaissesTranger", "prixUnitaireTranger") VALUES (7, '2026-03-29', NULL, 489, 1800, 23.00, 25.00, 'confirmee', NULL, '2026-03-29 17:08:08.371629', '2026-03-30 16:30:35.246202', 6, 0, 0.00);
INSERT INTO public.reservations (id, "dateReservation", "dateSortiePrevisionnelle", "nbCaissesBois", "nbCaissesPластique", "prixUnitaireBois", "prixUnitairePlastique", statut, notes, "createdAt", "updatedAt", client_id, "nbCaissesTranger", "prixUnitaireTranger") VALUES (16, '2026-03-29', NULL, 0, 746, 0.00, 25.00, 'confirmee', NULL, '2026-03-29 17:15:16.062076', '2026-03-30 16:30:55.079512', 12, 0, 0.00);
INSERT INTO public.reservations (id, "dateReservation", "dateSortiePrevisionnelle", "nbCaissesBois", "nbCaissesPластique", "prixUnitaireBois", "prixUnitairePlastique", statut, notes, "createdAt", "updatedAt", client_id, "nbCaissesTranger", "prixUnitaireTranger") VALUES (22, '2026-03-29', NULL, 0, 1074, 0.00, 25.00, 'confirmee', NULL, '2026-03-29 17:19:54.839084', '2026-03-30 16:30:59.988166', 19, 0, 0.00);
INSERT INTO public.reservations (id, "dateReservation", "dateSortiePrevisionnelle", "nbCaissesBois", "nbCaissesPластique", "prixUnitaireBois", "prixUnitairePlastique", statut, notes, "createdAt", "updatedAt", client_id, "nbCaissesTranger", "prixUnitaireTranger") VALUES (15, '2026-03-29', NULL, 0, 2401, 0.00, 25.00, 'confirmee', NULL, '2026-03-29 17:14:43.904021', '2026-04-01 19:59:52.883754', 13, 0, 0.00);
INSERT INTO public.reservations (id, "dateReservation", "dateSortiePrevisionnelle", "nbCaissesBois", "nbCaissesPластique", "prixUnitaireBois", "prixUnitairePlastique", statut, notes, "createdAt", "updatedAt", client_id, "nbCaissesTranger", "prixUnitaireTranger") VALUES (2, '2025-09-28', '2026-04-05', 1798, 7804, 23.00, 25.00, 'confirmee', NULL, '2026-03-29 16:24:55.89545', '2026-04-01 19:59:57.014417', 1, 0, 0.00);
INSERT INTO public.reservations (id, "dateReservation", "dateSortiePrevisionnelle", "nbCaissesBois", "nbCaissesPластique", "prixUnitaireBois", "prixUnitairePlastique", statut, notes, "createdAt", "updatedAt", client_id, "nbCaissesTranger", "prixUnitaireTranger") VALUES (12, '2026-03-29', NULL, 0, 1342, 0.00, 25.00, 'confirmee', NULL, '2026-03-29 17:12:38.569178', '2026-04-01 20:00:00.619492', 10, 0, 0.00);
INSERT INTO public.reservations (id, "dateReservation", "dateSortiePrevisionnelle", "nbCaissesBois", "nbCaissesPластique", "prixUnitaireBois", "prixUnitairePlastique", statut, notes, "createdAt", "updatedAt", client_id, "nbCaissesTranger", "prixUnitaireTranger") VALUES (34, '2026-03-29', NULL, 227, 0, 23.00, 0.00, 'confirmee', NULL, '2026-03-29 17:37:14.788695', '2026-04-01 20:00:06.961428', 33, 35, 2.00);
INSERT INTO public.reservations (id, "dateReservation", "dateSortiePrevisionnelle", "nbCaissesBois", "nbCaissesPластique", "prixUnitaireBois", "prixUnitairePlastique", statut, notes, "createdAt", "updatedAt", client_id, "nbCaissesTranger", "prixUnitaireTranger") VALUES (9, '2026-03-29', NULL, 2022, 1962, 23.00, 25.00, 'confirmee', NULL, '2026-03-29 17:09:52.059031', '2026-04-01 20:00:11.038903', 7, 93, 20.00);
INSERT INTO public.reservations (id, "dateReservation", "dateSortiePrevisionnelle", "nbCaissesBois", "nbCaissesPластique", "prixUnitaireBois", "prixUnitairePlastique", statut, notes, "createdAt", "updatedAt", client_id, "nbCaissesTranger", "prixUnitaireTranger") VALUES (17, '2026-03-29', NULL, 0, 1524, 0.00, 25.00, 'confirmee', NULL, '2026-03-29 17:16:22.22548', '2026-04-01 20:00:15.441926', 14, 0, 0.00);
INSERT INTO public.reservations (id, "dateReservation", "dateSortiePrevisionnelle", "nbCaissesBois", "nbCaissesPластique", "prixUnitaireBois", "prixUnitairePlastique", statut, notes, "createdAt", "updatedAt", client_id, "nbCaissesTranger", "prixUnitaireTranger") VALUES (33, '2026-03-29', NULL, 886, 0, 23.00, 0.00, 'confirmee', NULL, '2026-03-29 17:36:30.759285', '2026-04-01 20:00:19.445483', 32, 0, 0.00);
INSERT INTO public.reservations (id, "dateReservation", "dateSortiePrevisionnelle", "nbCaissesBois", "nbCaissesPластique", "prixUnitaireBois", "prixUnitairePlastique", statut, notes, "createdAt", "updatedAt", client_id, "nbCaissesTranger", "prixUnitaireTranger") VALUES (39, '2026-03-29', NULL, 10800, 0, 23.00, 0.00, 'confirmee', NULL, '2026-03-29 20:15:14.662741', '2026-04-01 20:00:23.904149', 39, 0, 0.00);
INSERT INTO public.reservations (id, "dateReservation", "dateSortiePrevisionnelle", "nbCaissesBois", "nbCaissesPластique", "prixUnitaireBois", "prixUnitairePlastique", statut, notes, "createdAt", "updatedAt", client_id, "nbCaissesTranger", "prixUnitaireTranger") VALUES (20, '2026-03-29', NULL, 0, 940, 0.00, 25.00, 'confirmee', NULL, '2026-03-29 17:18:58.062954', '2026-04-01 20:00:33.445902', 17, 62, 20.00);
INSERT INTO public.reservations (id, "dateReservation", "dateSortiePrevisionnelle", "nbCaissesBois", "nbCaissesPластique", "prixUnitaireBois", "prixUnitairePlastique", statut, notes, "createdAt", "updatedAt", client_id, "nbCaissesTranger", "prixUnitaireTranger") VALUES (41, '2026-03-29', NULL, 0, 0, 0.00, 0.00, 'confirmee', NULL, '2026-03-29 20:17:07.401231', '2026-04-01 20:00:38.01484', 36, 81, 20.00);
INSERT INTO public.reservations (id, "dateReservation", "dateSortiePrevisionnelle", "nbCaissesBois", "nbCaissesPластique", "prixUnitaireBois", "prixUnitairePlastique", statut, notes, "createdAt", "updatedAt", client_id, "nbCaissesTranger", "prixUnitaireTranger") VALUES (31, '2026-03-29', NULL, 0, 805, 0.00, 25.00, 'confirmee', NULL, '2026-03-29 17:35:12.589875', '2026-04-01 20:00:47.73597', 30, 0, 0.00);
INSERT INTO public.reservations (id, "dateReservation", "dateSortiePrevisionnelle", "nbCaissesBois", "nbCaissesPластique", "prixUnitaireBois", "prixUnitairePlastique", statut, notes, "createdAt", "updatedAt", client_id, "nbCaissesTranger", "prixUnitaireTranger") VALUES (5, '2026-03-29', '2026-04-29', 0, 3746, 0.00, 25.00, 'confirmee', NULL, '2026-03-29 16:28:54.153537', '2026-04-09 23:34:17.953395', 4, 0, 0.00);


--
-- Data for Name: sorties; Type: TABLE DATA; Schema: public; Owner: -
--

INSERT INTO public.sorties (id, "dateSortie", "nbCaisses", reference, notes, "createdAt", client_id, chambre_id, "typeCaisse") VALUES (1, '2026-04-09', 3746, NULL, NULL, '2026-04-09 15:00:38.339697', 4, 2, 'plastique');
INSERT INTO public.sorties (id, "dateSortie", "nbCaisses", reference, notes, "createdAt", client_id, chambre_id, "typeCaisse") VALUES (2, '2026-04-09', 1000, NULL, NULL, '2026-04-09 15:50:59.525577', 2, 1, 'bois');
INSERT INTO public.sorties (id, "dateSortie", "nbCaisses", reference, notes, "createdAt", client_id, chambre_id, "typeCaisse") VALUES (3, '2026-04-09', 7642, NULL, NULL, '2026-04-09 15:52:08.806826', 2, 1, 'bois');
INSERT INTO public.sorties (id, "dateSortie", "nbCaisses", reference, notes, "createdAt", client_id, chambre_id, "typeCaisse") VALUES (4, '2026-04-10', 10800, NULL, NULL, '2026-04-10 13:36:38.705466', 39, 7, 'bois');


--
-- Data for Name: users; Type: TABLE DATA; Schema: public; Owner: -
--

INSERT INTO public.users (id, username, password, role, nom, "createdAt") VALUES (1, 'admin', '$2a$10$RbxhhkwKZPH5efS1BP7y3OAGzEUkrkncqUqd6rUm45HXz8TXKMoE2', 'admin', 'Administrateur', '2026-03-28 22:45:21.93119');
INSERT INTO public.users (id, username, password, role, nom, "createdAt") VALUES (2, 'admin2', '$2a$10$WAwsBh6Ej9Vz0np4U4HF7OpRdAXOPQg7fiBQn65tTKht275hTGnjC', 'admin', 'Admin', '2026-03-28 23:43:15.555259');


--
-- Name: chambres_id_seq; Type: SEQUENCE SET; Schema: public; Owner: -
--

SELECT pg_catalog.setval('public.chambres_id_seq', 8, true);


--
-- Name: clients_id_seq; Type: SEQUENCE SET; Schema: public; Owner: -
--

SELECT pg_catalog.setval('public.clients_id_seq', 39, true);


--
-- Name: entrees_id_seq; Type: SEQUENCE SET; Schema: public; Owner: -
--

SELECT pg_catalog.setval('public.entrees_id_seq', 93, true);


--
-- Name: locations_id_seq; Type: SEQUENCE SET; Schema: public; Owner: -
--

SELECT pg_catalog.setval('public.locations_id_seq', 483, true);


--
-- Name: paiements_id_seq; Type: SEQUENCE SET; Schema: public; Owner: -
--

SELECT pg_catalog.setval('public.paiements_id_seq', 1, true);


--
-- Name: reservations_id_seq; Type: SEQUENCE SET; Schema: public; Owner: -
--

SELECT pg_catalog.setval('public.reservations_id_seq', 66, true);


--
-- Name: sorties_id_seq; Type: SEQUENCE SET; Schema: public; Owner: -
--

SELECT pg_catalog.setval('public.sorties_id_seq', 4, true);


--
-- Name: users_id_seq; Type: SEQUENCE SET; Schema: public; Owner: -
--

SELECT pg_catalog.setval('public.users_id_seq', 2, true);


--
-- PostgreSQL database dump complete
--

\unrestrict NumwrePIw62nEgGuLyPuYODqfGhuBDZJhXZUdQbhSS4GwXgcO2o5kaedyrD46Pw

