--
-- PostgreSQL database dump
--

\restrict EwFr6UojLnchK945yinO6tpVx5RHqaOYF0mjONihEt942J5AI28WpF1m4EcczR6

-- Dumped from database version 13.23
-- Dumped by pg_dump version 13.23

SET statement_timeout = 0;
SET lock_timeout = 0;
SET idle_in_transaction_session_timeout = 0;
SET client_encoding = 'UTF8';
SET standard_conforming_strings = on;
SELECT pg_catalog.set_config('search_path', '', false);
SET check_function_bodies = false;
SET xmloption = content;
SET client_min_messages = warning;
SET row_security = off;

--
-- Data for Name: chambres; Type: TABLE DATA; Schema: public; Owner: -
--

COPY public.chambres (id, nom, "capaciteMax", "stockActuel", description, active, "temperatureCible", "createdAt", "updatedAt") FROM stdin;
8	Chambre 8	13500	13017	4 -ème ranger (Droite)	t	0.0	2026-03-30 13:39:37.596657	2026-04-01 19:51:14.355035
5	Chambre 5	13500	13348	3 -ème ranger (Droite)	t	0.0	2026-03-29 20:48:32.772596	2026-04-01 19:51:47.995233
4	Chambre 4	13500	12522	2 -ème ranger (gauche)	t	0.0	2026-03-29 20:47:36.023288	2026-04-01 19:52:21.317044
3	Chambre 3	13500	11917	2 -ème ranger droite	t	0.0	2026-03-29 20:46:17.761033	2026-04-01 19:52:43.299694
2	Chambre 2	13500	9121	1 ère chambre ( gauche)	t	0.0	2026-03-29 20:44:52.653756	2026-04-09 15:00:38.376442
7	Chambre 7	13500	0	4 -ème ranger (Gauche)	t	0.0	2026-03-30 13:38:45.854455	2026-04-10 13:36:38.716757
1	chambre 1	13500	4486	a gauche de l'entrée	t	0.0	2026-03-29 15:20:24.361267	2026-04-11 14:38:37.386054
6	Chambre 6	13500	10124	3 -ème ranger (gauche)	t	0.0	2026-03-29 20:48:57.906344	2026-04-01 19:47:47.191589
\.


--
-- Data for Name: clients; Type: TABLE DATA; Schema: public; Owner: -
--

COPY public.clients (id, nom, telephone, adresse, email, actif, "createdAt", "updatedAt") FROM stdin;
1	Mahouch Mhamed	\N	\N	\N	t	2026-03-29 15:42:22.861959	2026-03-29 15:42:22.861959
2	Hmaad Errich	\N	\N	\N	t	2026-03-29 15:42:22.873026	2026-03-29 15:42:22.873026
3	Abou Ali mhamed	\N	\N	\N	t	2026-03-29 15:42:22.879535	2026-03-29 15:42:22.879535
4	Abdel Ali Essaouira	\N	\N	\N	t	2026-03-29 15:42:22.884928	2026-03-29 15:42:22.884928
5	Bouchetta Mourad	\N	\N	\N	t	2026-03-29 15:42:22.892779	2026-03-29 15:42:22.892779
6	Aziz Mohamed Mnaour	\N	\N	\N	t	2026-03-29 15:42:22.899226	2026-03-29 15:42:22.899226
7	Moahed Al Kelaa	\N	\N	\N	t	2026-03-29 15:42:22.908562	2026-03-29 15:42:22.908562
8	al Fdil Abou Aiach	\N	\N	\N	t	2026-03-29 15:42:22.914312	2026-03-29 15:42:22.914312
9	Aghoumach Hmaad	\N	\N	\N	t	2026-03-29 15:42:22.921634	2026-03-29 15:42:22.921634
10	Mamaah Mhamed	\N	\N	\N	t	2026-03-29 15:42:22.92852	2026-03-29 15:42:22.92852
11	Borzouk lahssine	\N	\N	\N	t	2026-03-29 15:42:22.935549	2026-03-29 15:42:22.935549
12	Baali al haj	\N	\N	\N	t	2026-03-29 15:42:22.943082	2026-03-29 15:42:22.943082
13	Koujane Driss	\N	\N	\N	t	2026-03-29 15:42:22.948531	2026-03-29 15:42:22.948531
14	Ouahouch said	\N	\N	\N	t	2026-03-29 15:42:22.955244	2026-03-29 15:42:22.955244
15	Azoour Mhamed	\N	\N	\N	t	2026-03-29 15:42:22.963301	2026-03-29 15:42:22.963301
16	Aziz Aghbalou	\N	\N	\N	t	2026-03-29 15:42:22.969554	2026-03-29 15:42:22.969554
17	Yassine sahraoui	\N	\N	\N	t	2026-03-29 15:42:22.977002	2026-03-29 15:42:22.977002
18	Aziz Rachid	\N	\N	\N	t	2026-03-29 15:42:22.982205	2026-03-29 15:42:22.982205
19	Aziz Mostapha	\N	\N	\N	t	2026-03-29 15:42:22.991189	2026-03-29 15:42:22.991189
20	Ait Abdellah	\N	\N	\N	t	2026-03-29 15:42:22.99966	2026-03-29 15:42:22.99966
21	Karkouch Soufiane	\N	\N	\N	t	2026-03-29 15:42:23.007385	2026-03-29 15:42:23.007385
22	Hamidi Said	\N	\N	\N	t	2026-03-29 15:42:23.01268	2026-03-29 15:42:23.01268
23	Bou tahiri Mhamed	\N	\N	\N	t	2026-03-29 15:42:23.018141	2026-03-29 15:42:23.018141
24	Abdel allah Mhamed	\N	\N	\N	t	2026-03-29 15:42:23.025204	2026-03-29 15:42:23.025204
25	baali lahssen	\N	\N	\N	t	2026-03-29 15:42:23.03041	2026-03-29 15:42:23.03041
26	Asoou Errich	\N	\N	\N	t	2026-03-29 15:42:23.035777	2026-03-29 15:42:23.035777
27	Aboula Hmaad	\N	\N	\N	t	2026-03-29 15:42:23.043598	2026-03-29 15:42:23.043598
28	Amzil gebour	\N	\N	\N	t	2026-03-29 15:42:23.048387	2026-03-29 15:42:23.048387
29	Amzil ben issa	\N	\N	\N	t	2026-03-29 15:42:23.054517	2026-03-29 15:42:23.054517
30	Zakariaa hyan	\N	\N	\N	t	2026-03-29 15:42:23.060492	2026-03-29 15:42:23.060492
31	Assghirri Abdel Rahman	\N	\N	\N	t	2026-03-29 15:42:23.066075	2026-03-29 15:42:23.066075
32	Ouangi Hicham	\N	\N	\N	t	2026-03-29 15:42:23.0744	2026-03-29 15:42:23.0744
33	Mhamed Zaida	\N	\N	\N	t	2026-03-29 15:42:23.079527	2026-03-29 15:42:23.079527
34	Afifi Abdel Ouahed	\N	\N	\N	t	2026-03-29 15:42:23.0848	2026-03-29 15:42:23.0848
35	Hicham Bou Tlaka	\N	\N	\N	t	2026-03-29 15:42:23.092965	2026-03-29 15:42:23.092965
36	Yalhssen	\N	\N	\N	t	2026-03-29 15:42:23.117436	2026-03-29 15:42:23.117436
37	Baali Driss	\N	\N	\N	t	2026-03-29 15:42:23.128032	2026-03-29 15:42:23.128032
38	Himdi said Aziz	\N	\N	\N	t	2026-03-29 15:42:23.136313	2026-03-29 15:42:23.136313
39	Tapro+mostapha	\N	\N	\N	t	2026-03-29 15:42:23.144184	2026-03-29 15:42:23.144184
\.


--
-- Data for Name: entrees; Type: TABLE DATA; Schema: public; Owner: -
--

COPY public.entrees (id, "dateEntree", "nbCaisses", reference, notes, "createdAt", client_id, chambre_id, "typeCaisse") FROM stdin;
10	2026-03-29	8642	\N	\N	2026-03-29 21:22:27.351457	2	1	bois
11	2026-03-29	4293	\N	\N	2026-03-29 21:23:32.994775	2	1	plastique
12	2026-04-01	68	\N	\N	2026-04-01 19:13:17.681557	34	2	tranger
13	2026-04-01	3746	\N	\N	2026-04-01 19:13:49.386719	4	2	plastique
14	2026-04-01	3981	\N	\N	2026-04-01 19:14:28.201145	3	2	plastique
15	2026-04-01	2576	\N	\N	2026-04-01 19:25:03.250104	24	2	plastique
16	2026-04-01	576	\N	\N	2026-04-01 19:25:16.953113	27	2	plastique
17	2026-04-01	500	\N	\N	2026-04-01 19:25:38.742462	9	3	bois
18	2026-04-01	1538	\N	\N	2026-04-01 19:25:38.745258	9	3	plastique
19	2026-04-01	241	\N	\N	2026-04-01 19:25:46.211148	8	1	bois
20	2026-04-01	193	\N	\N	2026-04-01 19:25:46.212064	8	1	plastique
21	2026-04-01	80	\N	\N	2026-04-01 19:26:04.783027	20	2	plastique
22	2026-04-01	4879	\N	\N	2026-04-01 19:26:19.606192	29	3	bois
23	2026-04-01	5	\N	\N	2026-04-01 19:26:19.608838	29	3	plastique
24	2026-04-01	200	\N	\N	2026-04-01 19:26:50.676735	28	3	bois
25	2026-04-01	1085	\N	\N	2026-04-01 19:26:50.682093	28	3	plastique
26	2026-04-01	1065	\N	\N	2026-04-01 19:27:14.569766	26	2	bois
27	2026-04-01	1769	\N	\N	2026-04-01 19:27:14.572476	26	2	plastique
28	2026-04-01	2409	\N	\N	2026-04-01 19:27:49.373085	31	4	bois
29	2026-04-01	1200	\N	\N	2026-04-01 19:27:55.786557	16	4	plastique
30	2026-04-01	489	\N	\N	2026-04-01 19:28:08.134193	6	4	bois
31	2026-04-01	1800	\N	\N	2026-04-01 19:28:08.135323	6	4	plastique
32	2026-04-01	1074	\N	\N	2026-04-01 19:28:19.246952	19	5	plastique
33	2026-04-01	371	\N	\N	2026-04-01 19:28:45.002537	18	3	plastique
34	2026-04-01	303	\N	\N	2026-04-01 19:29:09.709492	15	4	bois
35	2026-04-01	996	\N	\N	2026-04-01 19:29:09.711658	15	4	plastique
36	2026-04-01	746	\N	\N	2026-04-01 19:29:22.201224	12	3	plastique
37	2026-04-01	10800	\N	\N	2026-04-01 19:30:01.36589	39	7	bois
38	2026-04-01	29	\N	\N	2026-04-01 19:32:19.464563	11	2	tranger
39	2026-04-01	800	\N	\N	2026-04-01 19:32:30.056272	11	3	plastique
40	2026-04-01	29	\N	\N	2026-04-01 19:32:30.060801	11	3	tranger
41	2026-04-01	42	\N	\N	2026-04-01 19:40:27.152867	37	2	plastique
42	2026-04-01	4849	\N	\N	2026-04-01 19:44:01.423108	25	4	plastique
43	2026-04-01	121	\N	\N	2026-04-01 19:44:01.428026	25	4	tranger
44	2026-04-01	2379	\N	\N	2026-04-01 19:46:08.313101	23	6	plastique
45	2026-04-01	2379	\N	\N	2026-04-01 19:46:15.654135	23	6	plastique
46	2026-04-01	2521	\N	\N	2026-04-01 19:46:23.391	5	6	bois
47	2026-04-01	1267	\N	\N	2026-04-01 19:46:23.402575	5	6	plastique
48	2026-04-01	67	\N	\N	2026-04-01 19:46:23.453973	5	6	tranger
49	2026-04-01	2521	\N	\N	2026-04-01 19:47:07.545872	5	6	bois
50	2026-04-01	1267	\N	\N	2026-04-01 19:47:07.553572	5	6	plastique
51	2026-04-01	67	\N	\N	2026-04-01 19:47:07.564154	5	6	tranger
52	2026-04-01	201	\N	\N	2026-04-01 19:47:47.180229	22	6	bois
53	2026-04-01	177	\N	\N	2026-04-01 19:47:47.182509	22	6	plastique
54	2026-04-01	201	\N	\N	2026-04-01 19:48:08.577134	22	8	bois
55	2026-04-01	177	\N	\N	2026-04-01 19:48:08.581294	22	8	plastique
56	2026-04-01	50	\N	\N	2026-04-01 19:49:02.497457	35	8	bois
57	2026-04-01	5	\N	\N	2026-04-01 19:49:02.502045	35	8	plastique
58	2026-04-01	50	\N	\N	2026-04-01 19:49:45.997629	35	8	bois
59	2026-04-01	5	\N	\N	2026-04-01 19:49:46.003952	35	8	plastique
60	2026-04-01	1989	\N	\N	2026-04-01 19:49:54.644087	38	8	plastique
61	2026-04-01	1989	\N	\N	2026-04-01 19:50:34.392395	38	8	plastique
62	2026-04-01	2401	\N	\N	2026-04-01 19:51:13.871348	13	8	plastique
63	2026-04-01	1798	\N	\N	2026-04-01 19:51:13.932498	1	8	bois
64	2026-04-01	1342	\N	\N	2026-04-01 19:51:14.015351	10	8	plastique
65	2026-04-01	227	\N	\N	2026-04-01 19:51:14.055409	33	8	bois
66	2026-04-01	35	\N	\N	2026-04-01 19:51:14.056025	33	8	tranger
67	2026-04-01	2022	\N	\N	2026-04-01 19:51:14.144507	7	8	bois
68	2026-04-01	1962	\N	\N	2026-04-01 19:51:14.155081	7	8	plastique
69	2026-04-01	93	\N	\N	2026-04-01 19:51:14.212288	7	8	tranger
70	2026-04-01	886	\N	\N	2026-04-01 19:51:14.25251	32	8	bois
71	2026-04-01	81	\N	\N	2026-04-01 19:51:14.280235	36	8	tranger
72	2026-04-01	62	\N	\N	2026-04-01 19:51:14.347843	17	8	tranger
73	2026-04-01	2401	\N	\N	2026-04-01 19:51:47.482086	13	5	plastique
74	2026-04-01	1798	\N	\N	2026-04-01 19:51:47.537107	1	5	bois
75	2026-04-01	7804	\N	\N	2026-04-01 19:51:47.634014	1	5	plastique
76	2026-04-01	227	\N	\N	2026-04-01 19:51:47.744103	33	5	bois
77	2026-04-01	35	\N	\N	2026-04-01 19:51:47.751536	33	5	tranger
78	2026-04-01	93	\N	\N	2026-04-01 19:51:47.803186	7	5	tranger
79	2026-04-01	81	\N	\N	2026-04-01 19:51:47.870511	36	5	tranger
80	2026-04-01	62	\N	\N	2026-04-01 19:51:47.978628	17	5	tranger
81	2026-04-01	481	\N	\N	2026-04-01 19:52:01.539089	21	4	bois
82	2026-04-01	1123	\N	\N	2026-04-01 19:52:01.545611	21	4	plastique
83	2026-04-01	481	\N	\N	2026-04-01 19:52:21.189641	21	4	bois
84	2026-04-01	1123	\N	\N	2026-04-01 19:52:21.192617	21	4	plastique
85	2026-04-01	1524	\N	\N	2026-04-01 19:52:21.245024	14	4	plastique
86	2026-04-01	940	\N	\N	2026-04-01 19:52:21.27744	17	4	plastique
87	2026-04-01	805	\N	\N	2026-04-01 19:52:21.308938	30	4	plastique
88	2026-04-01	1524	\N	\N	2026-04-01 19:52:43.230444	14	3	plastique
89	2026-04-01	940	\N	\N	2026-04-01 19:52:43.254538	17	3	plastique
90	2026-04-01	805	\N	\N	2026-04-01 19:52:43.288066	30	3	plastique
\.


--
-- Data for Name: locations; Type: TABLE DATA; Schema: public; Owner: -
--

COPY public.locations (id, "dateLocation", "nbCaisses", "nbCaissesRetournees", "typeCaisse", "prixUnitaire", "dateRetourPrevu", notes, "createdAt", "updatedAt", client_id) FROM stdin;
332	2026-04-11	2576	0	plastique	25.00	\N	\N	2026-04-11 14:29:18.740824	2026-04-11 14:29:18.740824	24
333	2026-04-11	3981	0	plastique	25.00	\N	\N	2026-04-11 14:29:55.278355	2026-04-11 14:29:55.278355	3
334	2026-04-11	576	0	plastique	25.00	\N	\N	2026-04-11 14:29:55.288446	2026-04-11 14:29:55.288446	27
335	2026-04-11	500	0	bois	23.00	\N	\N	2026-04-11 14:29:55.299436	2026-04-11 14:29:55.299436	9
336	2026-04-11	1538	0	plastique	25.00	\N	\N	2026-04-11 14:29:55.329824	2026-04-11 14:29:55.329824	9
337	2026-04-11	80	0	plastique	25.00	\N	\N	2026-04-11 14:29:55.340769	2026-04-11 14:29:55.340769	20
338	2026-04-11	241	0	bois	23.00	\N	\N	2026-04-11 14:29:55.347393	2026-04-11 14:29:55.347393	8
339	2026-04-11	193	0	plastique	25.00	\N	\N	2026-04-11 14:29:55.349206	2026-04-11 14:29:55.349206	8
340	2026-04-11	4879	0	bois	23.00	\N	\N	2026-04-11 14:29:55.361397	2026-04-11 14:29:55.361397	29
341	2026-04-11	5	0	plastique	25.00	\N	\N	2026-04-11 14:29:55.363435	2026-04-11 14:29:55.363435	29
342	2026-04-11	200	0	bois	23.00	\N	\N	2026-04-11 14:29:55.376335	2026-04-11 14:29:55.376335	28
343	2026-04-11	1085	0	plastique	25.00	\N	\N	2026-04-11 14:29:55.378582	2026-04-11 14:29:55.378582	28
344	2026-04-11	1065	0	bois	23.00	\N	\N	2026-04-11 14:29:55.38612	2026-04-11 14:29:55.38612	26
345	2026-04-11	1769	0	plastique	25.00	\N	\N	2026-04-11 14:29:55.387212	2026-04-11 14:29:55.387212	26
346	2026-04-11	2409	0	bois	23.00	\N	\N	2026-04-11 14:29:55.397878	2026-04-11 14:29:55.397878	31
347	2026-04-11	1200	0	plastique	25.00	\N	\N	2026-04-11 14:29:55.448961	2026-04-11 14:29:55.448961	16
348	2026-04-11	489	0	bois	23.00	\N	\N	2026-04-11 14:29:55.458217	2026-04-11 14:29:55.458217	6
349	2026-04-11	1800	0	plastique	25.00	\N	\N	2026-04-11 14:29:55.459642	2026-04-11 14:29:55.459642	6
350	2026-04-11	1074	0	plastique	25.00	\N	\N	2026-04-11 14:29:55.467581	2026-04-11 14:29:55.467581	19
351	2026-04-11	371	0	plastique	25.00	\N	\N	2026-04-11 14:29:55.482201	2026-04-11 14:29:55.482201	18
352	2026-04-11	303	0	bois	23.00	\N	\N	2026-04-11 14:29:55.495176	2026-04-11 14:29:55.495176	15
353	2026-04-11	996	0	plastique	25.00	\N	\N	2026-04-11 14:29:55.498085	2026-04-11 14:29:55.498085	15
354	2026-04-11	746	0	plastique	25.00	\N	\N	2026-04-11 14:29:55.508945	2026-04-11 14:29:55.508945	12
355	2026-04-11	42	0	plastique	25.00	\N	\N	2026-04-11 14:29:55.520431	2026-04-11 14:29:55.520431	37
356	2026-04-11	4849	0	plastique	25.00	\N	\N	2026-04-11 14:29:55.530247	2026-04-11 14:29:55.530247	25
357	2026-04-11	800	0	plastique	25.00	\N	\N	2026-04-11 14:29:55.543234	2026-04-11 14:29:55.543234	11
358	2026-04-11	2379	0	plastique	25.00	\N	\N	2026-04-11 14:29:55.551393	2026-04-11 14:29:55.551393	23
359	2026-04-11	2521	0	bois	23.00	\N	\N	2026-04-11 14:29:55.563943	2026-04-11 14:29:55.563943	5
360	2026-04-11	1267	0	plastique	25.00	\N	\N	2026-04-11 14:29:55.568308	2026-04-11 14:29:55.568308	5
361	2026-04-11	201	0	bois	23.00	\N	\N	2026-04-11 14:29:55.581265	2026-04-11 14:29:55.581265	22
362	2026-04-11	177	0	plastique	25.00	\N	\N	2026-04-11 14:29:55.583559	2026-04-11 14:29:55.583559	22
363	2026-04-11	50	0	bois	23.00	\N	\N	2026-04-11 14:29:55.593858	2026-04-11 14:29:55.593858	35
364	2026-04-11	5	0	plastique	25.00	\N	\N	2026-04-11 14:29:55.596664	2026-04-11 14:29:55.596664	35
365	2026-04-11	1989	0	plastique	25.00	\N	\N	2026-04-11 14:29:55.641129	2026-04-11 14:29:55.641129	38
366	2026-04-11	8642	0	bois	23.00	\N	\N	2026-04-11 14:29:55.649723	2026-04-11 14:29:55.649723	2
367	2026-04-11	4293	0	plastique	25.00	\N	\N	2026-04-11 14:29:55.651519	2026-04-11 14:29:55.651519	2
368	2026-04-11	481	0	bois	23.00	\N	\N	2026-04-11 14:29:55.661917	2026-04-11 14:29:55.661917	21
369	2026-04-11	1123	0	plastique	25.00	\N	\N	2026-04-11 14:29:55.665235	2026-04-11 14:29:55.665235	21
370	2026-04-11	2401	0	plastique	25.00	\N	\N	2026-04-11 14:29:55.677725	2026-04-11 14:29:55.677725	13
373	2026-04-11	1342	0	plastique	25.00	\N	\N	2026-04-11 14:29:55.695542	2026-04-11 14:29:55.695542	10
374	2026-04-11	227	0	bois	23.00	\N	\N	2026-04-11 14:29:55.703983	2026-04-11 14:29:55.703983	33
375	2026-04-11	2022	0	bois	23.00	\N	\N	2026-04-11 14:29:55.712837	2026-04-11 14:29:55.712837	7
376	2026-04-11	1962	0	plastique	25.00	\N	\N	2026-04-11 14:29:55.715338	2026-04-11 14:29:55.715338	7
377	2026-04-11	1524	0	plastique	25.00	\N	\N	2026-04-11 14:29:55.724823	2026-04-11 14:29:55.724823	14
378	2026-04-11	886	0	bois	23.00	\N	\N	2026-04-11 14:29:55.732388	2026-04-11 14:29:55.732388	32
379	2026-04-11	10800	0	bois	23.00	\N	\N	2026-04-11 14:29:55.741748	2026-04-11 14:29:55.741748	39
380	2026-04-11	940	0	plastique	25.00	\N	\N	2026-04-11 14:29:55.748955	2026-04-11 14:29:55.748955	17
381	2026-04-11	805	0	plastique	25.00	\N	\N	2026-04-11 14:29:55.75831	2026-04-11 14:29:55.75831	30
371	2026-04-11	1798	300	bois	23.00	\N	\N	2026-04-11 14:29:55.684406	2026-04-11 14:46:18.802625	1
372	2026-04-11	7804	804	plastique	25.00	\N	\N	2026-04-11 14:29:55.686076	2026-04-11 14:46:18.812049	1
331	2026-04-11	3746	746	plastique	25.00	\N	\N	2026-04-11 14:28:57.909081	2026-04-11 14:46:59.199453	4
382	2026-04-11	3746	0	plastique	25.00	\N	\N	2026-04-11 14:49:42.383124	2026-04-11 14:49:42.383124	4
383	2026-04-11	2576	0	plastique	25.00	\N	\N	2026-04-11 14:49:42.392915	2026-04-11 14:49:42.392915	24
384	2026-04-11	3981	0	plastique	25.00	\N	\N	2026-04-11 14:49:42.401282	2026-04-11 14:49:42.401282	3
385	2026-04-11	576	0	plastique	25.00	\N	\N	2026-04-11 14:49:42.409669	2026-04-11 14:49:42.409669	27
386	2026-04-11	500	0	bois	23.00	\N	\N	2026-04-11 14:49:42.419094	2026-04-11 14:49:42.419094	9
387	2026-04-11	1538	0	plastique	25.00	\N	\N	2026-04-11 14:49:42.444639	2026-04-11 14:49:42.444639	9
388	2026-04-11	80	0	plastique	25.00	\N	\N	2026-04-11 14:49:42.451327	2026-04-11 14:49:42.451327	20
389	2026-04-11	241	0	bois	23.00	\N	\N	2026-04-11 14:49:42.456484	2026-04-11 14:49:42.456484	8
390	2026-04-11	193	0	plastique	25.00	\N	\N	2026-04-11 14:49:42.457624	2026-04-11 14:49:42.457624	8
391	2026-04-11	4879	0	bois	23.00	\N	\N	2026-04-11 14:49:42.463437	2026-04-11 14:49:42.463437	29
392	2026-04-11	5	0	plastique	25.00	\N	\N	2026-04-11 14:49:42.464906	2026-04-11 14:49:42.464906	29
393	2026-04-11	200	0	bois	23.00	\N	\N	2026-04-11 14:49:42.471889	2026-04-11 14:49:42.471889	28
394	2026-04-11	1085	0	plastique	25.00	\N	\N	2026-04-11 14:49:42.474022	2026-04-11 14:49:42.474022	28
395	2026-04-11	1065	0	bois	23.00	\N	\N	2026-04-11 14:49:42.480159	2026-04-11 14:49:42.480159	26
396	2026-04-11	1769	0	plastique	25.00	\N	\N	2026-04-11 14:49:42.481209	2026-04-11 14:49:42.481209	26
397	2026-04-11	2409	0	bois	23.00	\N	\N	2026-04-11 14:49:42.488649	2026-04-11 14:49:42.488649	31
398	2026-04-11	1200	0	plastique	25.00	\N	\N	2026-04-11 14:49:42.493672	2026-04-11 14:49:42.493672	16
399	2026-04-11	489	0	bois	23.00	\N	\N	2026-04-11 14:49:42.498717	2026-04-11 14:49:42.498717	6
400	2026-04-11	1800	0	plastique	25.00	\N	\N	2026-04-11 14:49:42.499849	2026-04-11 14:49:42.499849	6
401	2026-04-11	1074	0	plastique	25.00	\N	\N	2026-04-11 14:49:42.507409	2026-04-11 14:49:42.507409	19
402	2026-04-11	371	0	plastique	25.00	\N	\N	2026-04-11 14:49:42.513014	2026-04-11 14:49:42.513014	18
403	2026-04-11	303	0	bois	23.00	\N	\N	2026-04-11 14:49:42.518773	2026-04-11 14:49:42.518773	15
404	2026-04-11	996	0	plastique	25.00	\N	\N	2026-04-11 14:49:42.519961	2026-04-11 14:49:42.519961	15
405	2026-04-11	746	0	plastique	25.00	\N	\N	2026-04-11 14:49:42.528116	2026-04-11 14:49:42.528116	12
406	2026-04-11	42	0	plastique	25.00	\N	\N	2026-04-11 14:49:42.533279	2026-04-11 14:49:42.533279	37
407	2026-04-11	4849	0	plastique	25.00	\N	\N	2026-04-11 14:49:42.539392	2026-04-11 14:49:42.539392	25
408	2026-04-11	800	0	plastique	25.00	\N	\N	2026-04-11 14:49:42.544158	2026-04-11 14:49:42.544158	11
409	2026-04-11	2379	0	plastique	25.00	\N	\N	2026-04-11 14:49:42.54975	2026-04-11 14:49:42.54975	23
410	2026-04-11	2521	0	bois	23.00	\N	\N	2026-04-11 14:49:42.556509	2026-04-11 14:49:42.556509	5
411	2026-04-11	1267	0	plastique	25.00	\N	\N	2026-04-11 14:49:42.558386	2026-04-11 14:49:42.558386	5
412	2026-04-11	201	0	bois	23.00	\N	\N	2026-04-11 14:49:42.564782	2026-04-11 14:49:42.564782	22
413	2026-04-11	177	0	plastique	25.00	\N	\N	2026-04-11 14:49:42.565898	2026-04-11 14:49:42.565898	22
414	2026-04-11	50	0	bois	23.00	\N	\N	2026-04-11 14:49:42.573316	2026-04-11 14:49:42.573316	35
415	2026-04-11	5	0	plastique	25.00	\N	\N	2026-04-11 14:49:42.574308	2026-04-11 14:49:42.574308	35
416	2026-04-11	1989	0	plastique	25.00	\N	\N	2026-04-11 14:49:42.580039	2026-04-11 14:49:42.580039	38
417	2026-04-11	8642	0	bois	23.00	\N	\N	2026-04-11 14:49:42.586427	2026-04-11 14:49:42.586427	2
420	2026-04-11	1123	0	plastique	25.00	\N	\N	2026-04-11 14:49:42.595206	2026-04-11 14:49:42.595206	21
421	2026-04-11	2401	0	plastique	25.00	\N	\N	2026-04-11 14:49:42.601835	2026-04-11 14:49:42.601835	13
422	2026-04-11	1798	0	bois	23.00	\N	\N	2026-04-11 14:49:42.607887	2026-04-11 14:49:42.607887	1
427	2026-04-11	1962	0	plastique	25.00	\N	\N	2026-04-11 14:49:42.62941	2026-04-11 14:49:42.62941	7
428	2026-04-11	1524	0	plastique	25.00	\N	\N	2026-04-11 14:49:42.636791	2026-04-11 14:49:42.636791	14
429	2026-04-11	886	0	bois	23.00	\N	\N	2026-04-11 14:49:42.643955	2026-04-11 14:49:42.643955	32
430	2026-04-11	10800	0	bois	23.00	\N	\N	2026-04-11 14:49:42.651983	2026-04-11 14:49:42.651983	39
431	2026-04-11	940	0	plastique	25.00	\N	\N	2026-04-11 14:49:42.657886	2026-04-11 14:49:42.657886	17
432	2026-04-11	805	0	plastique	25.00	\N	\N	2026-04-11 14:49:42.662933	2026-04-11 14:49:42.662933	30
418	2026-04-11	4293	0	plastique	25.00	\N	\N	2026-04-11 14:49:42.588143	2026-04-11 14:49:42.588143	2
419	2026-04-11	481	0	bois	23.00	\N	\N	2026-04-11 14:49:42.593979	2026-04-11 14:49:42.593979	21
423	2026-04-11	7804	0	plastique	25.00	\N	\N	2026-04-11 14:49:42.608907	2026-04-11 14:49:42.608907	1
424	2026-04-11	1342	0	plastique	25.00	\N	\N	2026-04-11 14:49:42.614998	2026-04-11 14:49:42.614998	10
425	2026-04-11	227	0	bois	23.00	\N	\N	2026-04-11 14:49:42.62161	2026-04-11 14:49:42.62161	33
426	2026-04-11	2022	0	bois	23.00	\N	\N	2026-04-11 14:49:42.627546	2026-04-11 14:49:42.627546	7
433	2026-04-11	3746	0	plastique	25.00	\N	\N	2026-04-11 15:39:28.623089	2026-04-11 15:39:28.623089	4
434	2026-04-11	2576	0	plastique	25.00	\N	\N	2026-04-11 15:39:40.23036	2026-04-11 15:39:40.23036	24
435	2026-04-11	3981	0	plastique	25.00	\N	\N	2026-04-11 15:39:52.200132	2026-04-11 15:39:52.200132	3
436	2026-04-11	576	0	plastique	25.00	\N	\N	2026-04-11 15:39:52.208716	2026-04-11 15:39:52.208716	27
437	2026-04-11	500	0	bois	23.00	\N	\N	2026-04-11 15:39:52.219916	2026-04-11 15:39:52.219916	9
438	2026-04-11	1538	0	plastique	25.00	\N	\N	2026-04-11 15:39:52.248308	2026-04-11 15:39:52.248308	9
439	2026-04-11	80	0	plastique	25.00	\N	\N	2026-04-11 15:39:52.256444	2026-04-11 15:39:52.256444	20
440	2026-04-11	241	0	bois	23.00	\N	\N	2026-04-11 15:39:52.267309	2026-04-11 15:39:52.267309	8
441	2026-04-11	193	0	plastique	25.00	\N	\N	2026-04-11 15:39:52.27074	2026-04-11 15:39:52.27074	8
442	2026-04-11	4879	0	bois	23.00	\N	\N	2026-04-11 15:39:52.281342	2026-04-11 15:39:52.281342	29
443	2026-04-11	5	0	plastique	25.00	\N	\N	2026-04-11 15:39:52.282976	2026-04-11 15:39:52.282976	29
444	2026-04-11	200	0	bois	23.00	\N	\N	2026-04-11 15:39:52.29503	2026-04-11 15:39:52.29503	28
445	2026-04-11	1085	0	plastique	25.00	\N	\N	2026-04-11 15:39:52.296979	2026-04-11 15:39:52.296979	28
446	2026-04-11	1065	0	bois	23.00	\N	\N	2026-04-11 15:39:52.307302	2026-04-11 15:39:52.307302	26
447	2026-04-11	1769	0	plastique	25.00	\N	\N	2026-04-11 15:39:52.308813	2026-04-11 15:39:52.308813	26
448	2026-04-11	2409	0	bois	23.00	\N	\N	2026-04-11 15:39:52.321762	2026-04-11 15:39:52.321762	31
449	2026-04-11	1200	0	plastique	25.00	\N	\N	2026-04-11 15:39:52.328337	2026-04-11 15:39:52.328337	16
450	2026-04-11	489	0	bois	23.00	\N	\N	2026-04-11 15:39:52.379698	2026-04-11 15:39:52.379698	6
451	2026-04-11	1800	0	plastique	25.00	\N	\N	2026-04-11 15:39:52.380929	2026-04-11 15:39:52.380929	6
452	2026-04-11	1074	0	plastique	25.00	\N	\N	2026-04-11 15:39:52.389019	2026-04-11 15:39:52.389019	19
453	2026-04-11	371	0	plastique	25.00	\N	\N	2026-04-11 15:39:52.398913	2026-04-11 15:39:52.398913	18
454	2026-04-11	303	0	bois	23.00	\N	\N	2026-04-11 15:39:52.410547	2026-04-11 15:39:52.410547	15
455	2026-04-11	996	0	plastique	25.00	\N	\N	2026-04-11 15:39:52.41367	2026-04-11 15:39:52.41367	15
456	2026-04-11	746	0	plastique	25.00	\N	\N	2026-04-11 15:39:52.425066	2026-04-11 15:39:52.425066	12
457	2026-04-11	42	0	plastique	25.00	\N	\N	2026-04-11 15:39:52.439373	2026-04-11 15:39:52.439373	37
458	2026-04-11	4849	0	plastique	25.00	\N	\N	2026-04-11 15:39:52.446547	2026-04-11 15:39:52.446547	25
459	2026-04-11	800	0	plastique	25.00	\N	\N	2026-04-11 15:39:52.457602	2026-04-11 15:39:52.457602	11
460	2026-04-11	2379	0	plastique	25.00	\N	\N	2026-04-11 15:39:52.472326	2026-04-11 15:39:52.472326	23
461	2026-04-11	2521	0	bois	23.00	\N	\N	2026-04-11 15:39:52.480944	2026-04-11 15:39:52.480944	5
462	2026-04-11	1267	0	plastique	25.00	\N	\N	2026-04-11 15:39:52.482134	2026-04-11 15:39:52.482134	5
463	2026-04-11	201	0	bois	23.00	\N	\N	2026-04-11 15:39:52.493792	2026-04-11 15:39:52.493792	22
464	2026-04-11	177	0	plastique	25.00	\N	\N	2026-04-11 15:39:52.496593	2026-04-11 15:39:52.496593	22
465	2026-04-11	50	0	bois	23.00	\N	\N	2026-04-11 15:39:52.509356	2026-04-11 15:39:52.509356	35
466	2026-04-11	5	0	plastique	25.00	\N	\N	2026-04-11 15:39:52.512189	2026-04-11 15:39:52.512189	35
467	2026-04-11	1989	0	plastique	25.00	\N	\N	2026-04-11 15:39:52.520445	2026-04-11 15:39:52.520445	38
468	2026-04-11	8642	0	bois	23.00	\N	\N	2026-04-11 15:39:52.527652	2026-04-11 15:39:52.527652	2
469	2026-04-11	4293	0	plastique	25.00	\N	\N	2026-04-11 15:39:52.528995	2026-04-11 15:39:52.528995	2
470	2026-04-11	481	0	bois	23.00	\N	\N	2026-04-11 15:39:52.563898	2026-04-11 15:39:52.563898	21
471	2026-04-11	1123	0	plastique	25.00	\N	\N	2026-04-11 15:39:52.56561	2026-04-11 15:39:52.56561	21
472	2026-04-11	2401	0	plastique	25.00	\N	\N	2026-04-11 15:39:52.572044	2026-04-11 15:39:52.572044	13
473	2026-04-11	1798	0	bois	23.00	\N	\N	2026-04-11 15:39:52.57847	2026-04-11 15:39:52.57847	1
474	2026-04-11	7804	0	plastique	25.00	\N	\N	2026-04-11 15:39:52.580773	2026-04-11 15:39:52.580773	1
475	2026-04-11	1342	0	plastique	25.00	\N	\N	2026-04-11 15:39:52.589875	2026-04-11 15:39:52.589875	10
476	2026-04-11	227	0	bois	23.00	\N	\N	2026-04-11 15:39:52.596603	2026-04-11 15:39:52.596603	33
477	2026-04-11	2022	0	bois	23.00	\N	\N	2026-04-11 15:39:52.605521	2026-04-11 15:39:52.605521	7
478	2026-04-11	1962	0	plastique	25.00	\N	\N	2026-04-11 15:39:52.606985	2026-04-11 15:39:52.606985	7
479	2026-04-11	1524	0	plastique	25.00	\N	\N	2026-04-11 15:39:52.619373	2026-04-11 15:39:52.619373	14
480	2026-04-11	886	0	bois	23.00	\N	\N	2026-04-11 15:39:52.626437	2026-04-11 15:39:52.626437	32
481	2026-04-11	10800	0	bois	23.00	\N	\N	2026-04-11 15:39:52.634798	2026-04-11 15:39:52.634798	39
482	2026-04-11	940	0	plastique	25.00	\N	\N	2026-04-11 15:39:52.642255	2026-04-11 15:39:52.642255	17
483	2026-04-11	805	0	plastique	25.00	\N	\N	2026-04-11 15:39:52.647855	2026-04-11 15:39:52.647855	30
\.


--
-- Data for Name: paiements; Type: TABLE DATA; Schema: public; Owner: -
--

COPY public.paiements (id, "datePaiement", montant, "modePaiement", reference, notes, "createdAt", client_id) FROM stdin;
1	2026-04-09	20000.00	especes	\N	\N	2026-04-09 23:25:33.83781	4
\.


--
-- Data for Name: reservations; Type: TABLE DATA; Schema: public; Owner: -
--

COPY public.reservations (id, "dateReservation", "dateSortiePrevisionnelle", "nbCaissesBois", "nbCaissesPластique", "prixUnitaireBois", "prixUnitairePlastique", statut, notes, "createdAt", "updatedAt", client_id, "nbCaissesTranger", "prixUnitaireTranger") FROM stdin;
21	2026-03-29	\N	0	371	0.00	25.00	confirmee	\N	2026-03-29 17:19:27.072863	2026-03-30 16:31:07.237935	18	0	0.00
30	2026-03-29	\N	4879	5	23.00	25.00	confirmee	\N	2026-03-29 17:34:25.620921	2026-03-29 20:32:47.182602	29	0	0.00
18	2026-03-29	\N	303	996	23.00	25.00	confirmee	\N	2026-03-29 17:17:34.266146	2026-03-30 16:31:14.847946	15	0	0.00
27	2026-03-29	\N	0	2576	0.00	25.00	confirmee	\N	2026-03-29 17:23:49.236532	2026-03-29 20:27:10.265262	24	0	0.00
4	2025-11-28	2026-04-29	0	3981	0.00	25.00	confirmee	\N	2026-03-29 16:28:06.12394	2026-03-29 20:27:25.327574	3	0	0.00
28	2026-03-29	\N	0	576	0.00	25.00	confirmee	\N	2026-03-29 17:27:08.214388	2026-03-29 20:28:03.365877	27	0	0.00
35	2026-03-29	\N	0	0	0.00	0.00	confirmee	\N	2026-03-29 17:37:49.27177	2026-03-29 20:28:14.813201	34	68	20.00
37	2026-03-29	\N	0	42	0.00	25.00	confirmee	\N	2026-03-29 17:39:23.87842	2026-03-30 16:31:21.67697	37	0	0.00
23	2026-03-29	\N	0	80	0.00	25.00	confirmee	\N	2026-03-29 17:20:25.265207	2026-03-29 20:29:19.800889	20	0	0.00
14	2026-03-29	\N	0	4849	0.00	25.00	confirmee	\N	2026-03-29 17:14:12.69262	2026-03-30 16:31:26.815744	25	121	20.00
13	2026-03-29	\N	0	800	0.00	25.00	confirmee	\N	2026-03-29 17:13:31.030138	2026-04-01 19:10:59.900598	11	29	20.00
10	2026-03-29	\N	241	193	23.00	25.00	confirmee	\N	2026-03-29 17:11:19.477536	2026-03-29 20:31:25.016314	8	0	0.00
26	2026-03-29	\N	0	2379	0.00	25.00	confirmee	\N	2026-03-29 17:23:22.123271	2026-04-01 19:59:03.562438	23	0	0.00
8	2026-03-29	\N	2521	1267	23.00	25.00	confirmee	\N	2026-03-29 17:08:52.124612	2026-04-01 19:59:12.610631	5	67	20.00
38	2026-03-29	\N	201	177	23.00	25.00	confirmee	\N	2026-03-29 17:40:13.49662	2026-04-01 19:59:18.574313	22	0	0.00
36	2026-03-29	\N	50	5	23.00	25.00	confirmee	\N	2026-03-29 17:38:23.638492	2026-04-01 19:59:26.561116	35	0	0.00
25	2026-03-29	\N	0	1989	0.00	25.00	confirmee	\N	2026-03-29 17:22:47.945126	2026-04-01 19:59:34.269117	38	0	0.00
11	2026-03-29	\N	500	1538	23.00	25.00	confirmee	\N	2026-03-29 17:12:05.616673	2026-03-29 20:36:04.499641	9	0	0.00
3	2025-11-28	2026-04-29	8642	4293	23.00	25.00	confirmee	\N	2026-03-29 16:27:17.371021	2026-04-01 19:59:38.403445	2	0	0.00
24	2026-03-29	\N	481	1123	23.00	25.00	confirmee	\N	2026-03-29 17:21:47.722704	2026-04-01 19:59:42.343827	21	0	0.00
46	2026-03-30	\N	200	1085	23.00	25.00	confirmee	\N	2026-03-30 13:42:38.153361	2026-03-30 16:29:51.226533	28	0	0.00
32	2026-03-29	\N	2409	0	23.00	0.00	confirmee	\N	2026-03-29 17:35:52.914201	2026-03-30 16:30:00.394372	31	0	0.00
40	2026-03-29	\N	1065	1769	23.00	25.00	confirmee	\N	2026-03-29 20:16:30.264773	2026-03-30 16:30:13.285701	26	0	0.00
19	2026-03-29	\N	0	1200	0.00	25.00	confirmee	\N	2026-03-29 17:18:12.674693	2026-03-30 16:30:26.033328	16	0	0.00
7	2026-03-29	\N	489	1800	23.00	25.00	confirmee	\N	2026-03-29 17:08:08.371629	2026-03-30 16:30:35.246202	6	0	0.00
16	2026-03-29	\N	0	746	0.00	25.00	confirmee	\N	2026-03-29 17:15:16.062076	2026-03-30 16:30:55.079512	12	0	0.00
22	2026-03-29	\N	0	1074	0.00	25.00	confirmee	\N	2026-03-29 17:19:54.839084	2026-03-30 16:30:59.988166	19	0	0.00
15	2026-03-29	\N	0	2401	0.00	25.00	confirmee	\N	2026-03-29 17:14:43.904021	2026-04-01 19:59:52.883754	13	0	0.00
2	2025-09-28	2026-04-05	1798	7804	23.00	25.00	confirmee	\N	2026-03-29 16:24:55.89545	2026-04-01 19:59:57.014417	1	0	0.00
12	2026-03-29	\N	0	1342	0.00	25.00	confirmee	\N	2026-03-29 17:12:38.569178	2026-04-01 20:00:00.619492	10	0	0.00
34	2026-03-29	\N	227	0	23.00	0.00	confirmee	\N	2026-03-29 17:37:14.788695	2026-04-01 20:00:06.961428	33	35	2.00
9	2026-03-29	\N	2022	1962	23.00	25.00	confirmee	\N	2026-03-29 17:09:52.059031	2026-04-01 20:00:11.038903	7	93	20.00
17	2026-03-29	\N	0	1524	0.00	25.00	confirmee	\N	2026-03-29 17:16:22.22548	2026-04-01 20:00:15.441926	14	0	0.00
33	2026-03-29	\N	886	0	23.00	0.00	confirmee	\N	2026-03-29 17:36:30.759285	2026-04-01 20:00:19.445483	32	0	0.00
39	2026-03-29	\N	10800	0	23.00	0.00	confirmee	\N	2026-03-29 20:15:14.662741	2026-04-01 20:00:23.904149	39	0	0.00
20	2026-03-29	\N	0	940	0.00	25.00	confirmee	\N	2026-03-29 17:18:58.062954	2026-04-01 20:00:33.445902	17	62	20.00
41	2026-03-29	\N	0	0	0.00	0.00	confirmee	\N	2026-03-29 20:17:07.401231	2026-04-01 20:00:38.01484	36	81	20.00
31	2026-03-29	\N	0	805	0.00	25.00	confirmee	\N	2026-03-29 17:35:12.589875	2026-04-01 20:00:47.73597	30	0	0.00
5	2026-03-29	2026-04-29	0	3746	0.00	25.00	confirmee	\N	2026-03-29 16:28:54.153537	2026-04-09 23:34:17.953395	4	0	0.00
\.


--
-- Data for Name: sorties; Type: TABLE DATA; Schema: public; Owner: -
--

COPY public.sorties (id, "dateSortie", "nbCaisses", reference, notes, "createdAt", client_id, chambre_id, "typeCaisse") FROM stdin;
1	2026-04-09	3746	\N	\N	2026-04-09 15:00:38.339697	4	2	plastique
2	2026-04-09	1000	\N	\N	2026-04-09 15:50:59.525577	2	1	bois
3	2026-04-09	7642	\N	\N	2026-04-09 15:52:08.806826	2	1	bois
4	2026-04-10	10800	\N	\N	2026-04-10 13:36:38.705466	39	7	bois
\.


--
-- Data for Name: users; Type: TABLE DATA; Schema: public; Owner: -
--

COPY public.users (id, username, password, role, nom, "createdAt") FROM stdin;
1	admin	$2a$10$RbxhhkwKZPH5efS1BP7y3OAGzEUkrkncqUqd6rUm45HXz8TXKMoE2	admin	Administrateur	2026-03-28 22:45:21.93119
2	admin2	$2a$10$WAwsBh6Ej9Vz0np4U4HF7OpRdAXOPQg7fiBQn65tTKht275hTGnjC	admin	Admin	2026-03-28 23:43:15.555259
\.


--
-- Name: chambres_id_seq; Type: SEQUENCE SET; Schema: public; Owner: -
--

SELECT pg_catalog.setval('public.chambres_id_seq', 8, true);


--
-- Name: clients_id_seq; Type: SEQUENCE SET; Schema: public; Owner: -
--

SELECT pg_catalog.setval('public.clients_id_seq', 39, true);


--
-- Name: entrees_id_seq; Type: SEQUENCE SET; Schema: public; Owner: -
--

SELECT pg_catalog.setval('public.entrees_id_seq', 93, true);


--
-- Name: locations_id_seq; Type: SEQUENCE SET; Schema: public; Owner: -
--

SELECT pg_catalog.setval('public.locations_id_seq', 483, true);


--
-- Name: paiements_id_seq; Type: SEQUENCE SET; Schema: public; Owner: -
--

SELECT pg_catalog.setval('public.paiements_id_seq', 1, true);


--
-- Name: reservations_id_seq; Type: SEQUENCE SET; Schema: public; Owner: -
--

SELECT pg_catalog.setval('public.reservations_id_seq', 66, true);


--
-- Name: sorties_id_seq; Type: SEQUENCE SET; Schema: public; Owner: -
--

SELECT pg_catalog.setval('public.sorties_id_seq', 4, true);


--
-- Name: users_id_seq; Type: SEQUENCE SET; Schema: public; Owner: -
--

SELECT pg_catalog.setval('public.users_id_seq', 2, true);


--
-- PostgreSQL database dump complete
--

\unrestrict EwFr6UojLnchK945yinO6tpVx5RHqaOYF0mjONihEt942J5AI28WpF1m4EcczR6

